{"1": {
 "calculator": "sgp_calculator",
 "calculator_parameters": {},
 "cell": {"array": {"__ndarray__": [[3, 3], "float64", [11.372, 0.0, 0.0, 0.0, 12.061827473480129, 0.0, 0.0, 0.0, 30.051522894566773]]}, "__ase_objtype__": "cell"},
 "ctime": 24.744085818889193,
 "energy": 0.36269794730469584,
 "forces": {"__ndarray__": [[146, 3], "float64", [-0.01737348556116558, -0.011040340202839616, 0.0833244471789385, -0.003711663540585164, 0.008037365465554558, 0.5418310168722655, -0.03408300975820566, -0.15361448804492284, -0.04592239275734755, -0.07538197101166588, 0.1365422736716937, 0.20959194793704228, -0.6131806055996094, -0.06219885753574772, -1.5335135280929535, -0.41245908714813595, -1.0571569389628621, -0.9509509508608289, -0.9318778016813667, -0.26266734020646254, 0.17023198041079013, 0.620392640980981, -0.2788356983593303, 0.3841670244053148, 2.033355801673679, -0.4390683566844018, -0.7614769478204835, 0.7394778661027885, 0.9840303358789697, -0.3118813769260669, -0.15768880226312376, 0.9992936151866161, -0.08281903596889606, 1.8661446514188356, -0.2949882074153152, 0.8833675238529395, -0.024298816937175616, -0.003681915371885225, 0.03631812280718805, 0.008541251338783695, -0.007221989560505904, 0.4739583685757225, -0.3763103846172271, -0.33312889408989577, -0.798882071443586, 0.07930618262992084, -0.21647139511497926, -0.33408454667141996, -1.2238540857952103, 0.6416290347169706, -0.16924663790450722, 0.2705829586999471, 0.4944362284641102, 0.8339096497320497, -0.0040909148360697145, 1.079343819938913, 0.9975362751974899, 0.8525534699033415, 0.1625202733222295, -0.5823802183809477, -0.672471319754095, -0.4680752458200459, -0.5835767501403097, -1.5915042257574896, 1.1754016722793494, 1.4343786113231545, -0.41263260524908674, 0.2443115761284389, -0.6700225591139315, 0.9370647085747805, -0.9927194971196514, 0.8615546906783038, -0.023465100673888628, -0.002851702356139185, -0.10329122120765533, 0.006058202537602142, 0.00024916575443967304, 0.503649491289238, -0.15849121174562697, 0.1124605921481816, -0.30617067801358644, -0.08382683441254812, -0.040555121061288446, -0.7226397152339814, -0.7925834120146646, 1.2508706520147825, 0.5003367913952843, 0.010672569245201657, 0.21187263295411185, 0.5925029897871354, -0.15680304695308678, 0.027099772918518283, 0.6829105349079327, 1.8768621216645442, -1.4777878427948963, 0.21483330274827495, -1.151483599481253, -1.7963696250404837, -0.9867825677138171, 0.7871158387613377, 1.6970933455154409, 0.2060381670244169, 0.10601622234480601, -0.942356506352553, -0.588736954738124, 0.05300073606031219, 0.1493047072256104, -0.20236986548388813, -0.01862349493291049, -0.006339746560733772, 0.029859529185159772, -0.00694623182583598, -0.0063033052944660994, 0.5264362300118819, 0.03242868627137341, -0.006342341095660231, -0.24689558372801912, -0.05084653517701554, -0.0009997253945073226, 0.05375626952354651, 0.6333400612265905, -1.1363560918643998, -0.30321050249403925, -0.3123271919943136, -0.27081543321389745, 0.8530226583843046, -0.10558819640709771, -1.3332609861863602, 0.707325081333579, -0.8922339348924879, 0.5938784029992803, 0.29714138401345735, 0.3167846341821132, 0.598219616921142, 1.2286031871708474, -0.4746702201236985, -1.1413708081661298, 0.4992072944651227, 0.2621079684046208, 0.6686039363667078, -1.0248865533030767, -0.9694424511199031, 0.12891320957351127, -0.26477440196595126, 0.015892004777015245, 0.006741080410790801, 0.0053048051793211926, 0.021479630238900427, -0.006994590883152796, 0.5332136513659407, 0.018072444067001925, -0.019183783705841506, -0.9542366221926386, 0.3554525426998225, 0.1540783068296605, -0.06395479268712734, -0.18446580676982194, -0.39067015511875525, 0.6774710762306313, 1.8148156262614066, -0.09722605789693262, -0.428903822196844, 0.40455922435103275, 0.19793239741102298, -0.28335857382694485, 0.19266308382793795, 0.9243118046310883, -0.8607221617694449, -0.4227300073339393, 0.7793736822841311, -0.11836913499973889, 1.074777383470746, -1.0435258653574238, 1.3873993647789575, 0.5195234494980809, 0.049267352243703044, -0.7877614414801428, -0.2557249593726283, 0.49455301096077164, 0.5435292717429547, 0.0444684555042727, 0.005255686044250751, -0.033939408098831336, 0.02329512849716764, 0.003887620226407762, 0.5256393995032909, 0.21532358286117415, 0.0763767465791716, -0.28248974948382966, 0.003870665515592009, -0.10094898385099782, 0.06918238715797997, 1.2922629106160457, 0.7375797152215, 0.6739295936990857, -1.506970883138024, 0.48967206344082115, 0.5994982942612523, 0.08448520950923921, 0.372087219527657, -0.6126739669944072, -0.8385157143586639, -1.4523767195987602, -1.0946679898818275, 0.12712088913576736, 0.08498761100236152, 0.7501381783031604, 0.5832598747778093, -0.5725661276231904, -0.18991371869196882, 0.04583252573866048, 1.1689973527882103, 0.363591187289785, 0.26423504686852084, -0.6343238070667212, -0.8653831949391133, 0.020769744700686488, 0.0008485927466921339, 0.011909616946468304, 0.03406533455488159, 0.0009565441828627286, 0.4624173324612002, 0.28737583055294635, 0.10334944649775935, -0.42535804777980957, 0.17951136783506172, -0.008482899487631812, 0.0635657834848189, -0.17142656331816397, 0.23179202182200243, 0.05337579616843868, -0.9223647355606772, -0.82304849408672, -0.4683212578174789, -0.2665441549447678, -0.1647886545624715, -1.0824352863983222, -0.0073701179549061635, -0.5573978736758818, 0.9607746133306136, -0.33920348171579917, -0.6591230373051076, -0.5439293702220311, -0.5435422239588661, -0.05138439590365351, 0.8843193440770847, -0.4404603003322336, 0.2916240376243877, -0.6930822437334427, 1.145652472507095, 0.18894746782939364, 0.6455889019762253, 0.046640498015051435, -0.00875031375946378, -0.004599985327786271, -0.001136337884418026, -0.004636070956962612, 0.5358114476533729, -0.05956538123291466, 0.0336052627171739, -0.011085455089414609, 0.10615777199518561, 0.10453971578795063, 0.14538043349534746, -1.1034034576878184, -0.16854315909586148, -0.3862986288377215, -1.268912856425004, -1.140657185192822, -0.1775333744631098, 0.5066830710347858, 0.06062773882422334, 1.1936319574160734, -1.3617759766277686, 0.7466411577440795, -0.2159817132433659, -0.008025741594337887, 0.29437641333424835, 0.40908000088836616, -0.2735284369209694, 0.19779989695450695, 0.10872253644492957, -0.5036375396240373, -0.5817569940672911, -0.6854452804436733, 0.31152792871625934, 0.1114730929111829, -0.1019691095007147, 0.015677126413436326, -0.00031192605629826176, 0.05139011290521012, 0.021739748195166442, 0.006824457857135258, 0.4691041932162534, 0.35735541913322777, -0.07381158898829199, -0.37839088316468406, 0.16071896956253795, 0.04503694391848967, -0.024051397392213403, -1.4395920691895299, -0.0949108996483119, -0.8452656126378315, -0.24899889315850032, -0.05572576566413545, -1.5592931612908387, 1.1317875891836593, 1.5437254263688374, 0.10469438028667355, 1.0562030425065245, 0.13634177727067254, 1.5109772116732643, -0.44266626469288894, -0.4101181859305143, 0.9607405342485436, -0.9763377180998418, -0.8859840557615826, 1.9019460426911792, -1.1528518671188976, 0.9264704201541463, -0.6438317104366433, 0.4846930202779731, -1.184149836515644, -1.2319475379031246, 0.018489142070707842, 0.0005112338877224509, 0.03127083959020638, 0.00638557962821551, 0.0009972699018589992, 0.5309175140939715, 0.018907938279653536, 0.008979625492997911, -0.16909824760205083, -0.04319111579894752, 0.0273352599361516, 0.36314913632031676, 1.0671613222830274, -0.26538934608697673, -1.071129413863673, 0.8304674715540159, -0.08807106892083993, -0.009843950971571758, 1.5755346267405912, -0.59535782605235, 0.726890160783114, -0.7172765058109292, 1.0092414978355464, -1.400877871872126, -2.5439013709028586, -0.5539484393937073, -0.9109970445078943, 0.06984848030600688, 3.424929338312836, 0.15769844498095154, -1.4315026765016228, 0.4763322708404303, -0.39960345764620797, 0.9983822408012202, -0.9589396730498265, 0.6314292890374418, 0.005768886796801098, 0.006701755401763876, 0.004744238921603028, 