{"1": {
 "calculator": "sgp_calculator",
 "calculator_parameters": {},
 "cell": {"array": {"__ndarray__": [[3, 3], "float64", [11.372, 0.0, 0.0, 0.0, 12.061827473480129, 0.0, 0.0, 0.0, 30.051522894566773]]}, "__ase_objtype__": "cell"},
 "ctime": 24.744077531861205,
 "energy": 0.33829321525990963,
 "forces": {"__ndarray__": [[146, 3], "float64", [-0.012294903811380209, -0.014359721392736446, 0.08170724535921181, -0.004525982313154486, 0.009225210750912538, 0.5391745669580814, -0.033330682516862, -0.14964033663113696, -0.05113694524879975, -0.07870495106533326, 0.14054057578778156, 0.20788191797964828, -0.604431801912142, -0.0610249255337294, -1.5255258208835585, -0.41688716256567204, -1.0573026403089898, -0.9599155318574049, -0.945527843338823, -0.2630103579558636, 0.15818420657569732, 0.6419788692480779, -0.2696425499361794, 0.4268761858625112, 2.066833758222856, -0.4391975241869659, -0.7907155642678845, 0.6740544848621539, 1.0041649207496448, -0.3318992642998637, -0.18548645073272496, 1.0636974677190665, -0.09921754204697208, 1.8122325971799, -0.2736728462004976, 1.0949623277956562, -0.023431292766929346, -0.0018912904958483523, 0.03838303117754549, 0.00647683291509793, -0.008086928236252788, 0.47165190544183133, -0.3730403425397526, -0.3317515248654672, -0.7922571426697687, 0.06651804163584529, -0.2230578743137812, -0.33530522223827575, -1.2237543124401782, 0.6414244308907655, -0.17414173844008474, 0.2719630724304807, 0.5007505623516408, 0.8359549333890754, 0.0022385556831068243, 1.070559331210461, 0.9999384472375823, 0.8584582343520424, 0.1664570278149995, -0.550585135817073, -0.6903385083605826, -0.481729498533241, -0.5925424110846507, -1.6082524141784234, 1.162487740170036, 1.4223998528450466, -0.41675762877684974, 0.2109279744399828, -0.6669953588207136, 1.0280388826854505, -0.9504047529942454, 0.882160532681155, -0.017662206877815834, -0.002332921369657015, -0.09782518663314477, 0.0047496737553274215, -6.7834992023563245e-06, 0.5012670987046022, -0.1552764956388728, 0.10834016066792174, -0.3072511194377512, -0.0861179884949479, -0.037911713613993925, -0.713902124260585, -0.7823880178084437, 1.2625413323530665, 0.4887357075544969, -0.0012765789329023391, 0.20945747619896338, 0.5889251004600737, -0.15551704518475162, 0.025767936238480615, 0.6834632481204608, 1.881789576898882, -1.4727426291537995, 0.2215786781243878, -1.1119666771246557, -1.7529906017512076, -0.9605578751325083, 0.8163946031527303, 1.6438020496220815, 0.18454986771394033, 0.05272865530059789, -0.9466807983144463, -0.5939043217003928, 0.0773082033265382, 0.19456385651938035, -0.22764627043034125, -0.024102713068174353, -0.007557613516118167, 0.02849659089929446, -0.0004602913687676846, -0.0063440806502512714, 0.520559726163583, 0.03353691652182533, -0.00760074909976538, -0.25020811340664295, -0.04918798778726341, -0.004066747750812283, 0.06355087401243509, 0.6368734247089378, -1.1460466989155975, -0.30541282046260676, -0.3075014472483417, -0.2743259163030416, 0.8527932365127526, -0.09905009334488568, -1.3042538371446426, 0.7252517558361831, -0.9054452441182548, 0.5787478998288407, 0.4133137361059198, 0.21054326835928805, 0.6508211811878937, 1.217921376524373, -0.3978874853801244, -1.2352817164751286, 0.46331277605713694, 0.33604582658188065, 0.5119628462925903, -1.1146960502519505, -1.0432724722304556, 0.26708841120125726, -0.3426045584601525, 0.010099571724822454, 0.005325085316599143, 0.003927503337763483, 0.023967135214434165, -0.005362624056033383, 0.5258173914999134, 0.017333481591776945, -0.01798108377471408, -0.9489876090683538, 0.3627608459403291, 0.15266666191996592, -0.06328479452417923, -0.18294685955515888, -0.3759008689930283, 0.6719308603378522, 1.8142067875778594, -0.09973379368238966, -0.435670660593928, 0.40074144197296846, 0.1565428237645392, -0.3047590692835911, 0.17221961436871425, 0.9060228998259845, -0.8553575903461024, -0.4434766825882548, 0.8166583018464735, -0.11064359688498371, 1.0900087427235121, -1.0051308906095073, 1.3711468765914105, 0.5566425090020175, -0.048226323666824555, -0.7874381555266154, -0.3308313910420111, 0.613297258349121, 0.5411108286298258, 0.04328636546358666, 0.004712786919753853, -0.036121360751394604, 0.02352196137563567, 0.002733733339283617, 0.5221060907947503, 0.21673976054171362, 0.07883039960756832, -0.2913316374583701, 0.007373379755449605, -0.09593213600385297, 0.06897749359541194, 1.2907643214039126, 0.7389453350817803, 0.6735692723557349, -1.500906066085463, 0.4944926762441355, 0.5832228014451175, 0.08525674955944851, 0.38886537666439835, -0.58965522041035, -0.8380291437397318, -1.423691332121507, -1.0512798827858205, 0.10244945995873422, 0.07119963296850074, 0.7239331783288208, 0.5980621917015014, -0.6115762331601218, -0.13091944043662807, 0.054914161533815786, 1.299521678884048, 0.26941385944155627, 0.13687125058322636, -0.6579957453841416, -0.8861615702298877, 0.0226320667861728, -0.0028741591462448923, 0.018017265803791815, 0.034132360259746974, -0.001549657421833217, 0.46278260960866646, 0.28744494188094905, 0.10463450246606953, -0.4315912147958443, 0.18326470487397728, -0.012161377160794018, 0.0597895322871409, -0.1713585822717505, 0.2268515188065976, 0.05242633348098025, -0.9257217048927942, -0.8225853324870513, -0.4642215190601746, -0.26393603732230986, -0.1458458141948995, -1.0882281889989827, 0.0008472351146338042, -0.5594065192562994, 0.9605865262374209, -0.39206004755897084, -0.5792162677007582, -0.6196453374923294, -0.5572448217099009, -0.05649153943022611, 0.8816645852248257, -0.4408318560731459, 0.3723646825610558, -0.6640213698337902, 1.1953535420907428, 0.20733099014205436, 0.7716884672809101, 0.0448601208421735, -0.005832429542465434, -0.0007046537079986592, -0.00044118915889157506, -0.0030557117368914533, 0.5358486267446096, -0.0636081756256317, 0.02337774497493683, 0.0009681833389549865, 0.11087293102673357, 0.10486496715816429, 0.14171940272763095, -1.095652310139485, -0.16717376620181312, -0.4044226714004253, -1.2599152553066233, -1.138896874139391, -0.1928256182068253, 0.5133652590193378, 0.05577934369284776, 1.1697634549018403, -1.3444688547770056, 0.7497484154828271, -0.21857314482076617, -0.0021221685806267487, 0.28457866837561596, 0.414199727434152, -0.28222882088903134, 0.2144103296494677, 0.13351856696135656, -0.5194170739846413, -0.58492381388578, -0.677782253170335, 0.3286034013135577, 0.07374844140485948, -0.10154051445533696, 0.013889971057494677, -0.001645257978736936, 0.057143316897963814, 0.02327576257084729, 0.006117817432254924, 0.4653446284162328, 0.3572207798324598, -0.07310758968219488, -0.3783460555810052, 0.16501251031695574, 0.04563821529245615, -0.023557906454925615, -1.4433684759897005, -0.0967293687590427, -0.8509043754879713, -0.2571844162312118, -0.05660065297217898, -1.5562519528184566, 1.1479057461965567, 1.5364815579778224, 0.11262195982362755, 1.0414832727765315, 0.1349397149865581, 1.4992241417858168, -0.43462052716677135, -0.425261422755284, 0.9792565905518131, -0.9508904256208552, -0.9122421856952769, 1.8673166159751418, -1.0573420585023996, 1.0317345513321925, -0.5443062678059505, 0.5126443906433451, -1.1298213316113106, -1.2845658567157443, 0.020621770139825912, -0.0012554988802548905, 0.03085957603616407, -0.0002206564221296503, 0.004704737632550859, 0.5366425453821648, 0.019070684350481315, 0.01744230218082521, -0.17165290592856763, -0.05034854981488479, 0.03000502381610204, 0.36456377553736274, 1.0581427905708551, -0.2630348185027742, -1.0802550369953678, 0.8300641380583329, -0.09047582410721589, -0.006539531103044283, 1.5852391529733723, -0.5918994478639092, 0.7418664047800121, -0.7135702565046813, 1.019978829845968, -1.4054692657023224, -2.3989953827340287, -0.5202069935276086, -0.9203327892209927, 0.05836998759400558, 3.4001828860004935, 0.14169379794702763, -1.4130385786911575, 0.4715081176436797, -0.42837660594523186, 0.9968417816859301, -0.9732961359604815, 0.6570994822159264, 0.0034955637166831366, 0.007598528686287409, 0.005258234140910645, 