{"1": {
 "calculator": "sgp_calculator",
 "calculator_parameters": {},
 "cell": {"array": {"__ndarray__": [[3, 3], "float64", [11.372, 0.0, 0.0, 0.0, 12.061827473480129, 0.0, 0.0, 0.0, 30.051522894566773]]}, "__ase_objtype__": "cell"},
 "ctime": 24.744086438759837,
 "energy": -0.9126739606726915,
 "forces": {"__ndarray__": [[146, 3], "float64", [0.028841333766710164, -0.0012629092304194955, -0.04392836816492718, 0.0016599815473981039, 0.016076364124756992, 0.5300947464026535, -0.16608515557973647, 0.012806526017243414, -0.3406460782667864, -0.03354540193237199, -0.08514882282634062, -0.05795311394285818, 1.0495495976654183, -0.4762211314981073, 1.2484189061763686, -0.4112719936326812, 0.526791877460937, 0.1600361682913558, -0.6950018799998929, -0.4621441507489976, 0.0007824762778909644, 1.0990926049805694, 0.16085142522689466, -0.3816703166304478, 0.5230238610440665, -0.49383470763243054, 0.7228829791599765, 0.12772724001059998, 1.4179198845981773, 0.7107305232669887, -1.1401953095377166, -1.239798213489621, 0.4128073540173318, -0.37039345789608547, -1.3206171680897114, -0.2056173778350967, -0.054350684742388466, -0.00972923220529509, -0.02798081942069075, -0.008389828924038056, -0.008910990751921588, 0.5522439441159008, -0.23748201302754524, 0.06174157142126546, -0.25874311684424356, -0.31986395809389023, -0.26019085757877747, -0.395485437693992, 0.8481627310832209, 0.3030376214589978, 0.1455339122955479, 0.17442452830550792, 1.4183058326377704, 1.2345205377785078, -1.4392766057081872, -0.5090796460629576, -0.2294994072551617, 0.8491260208419362, 0.2982728071867413, -0.3693635655176877, 0.6648554492617222, 1.1983457379059246, 0.5127548929584691, 0.14267831547198284, -0.49500390274846495, 0.3075841859777029, 0.10751627447007195, 0.5790484680589998, -0.28246250339611834, 0.4087100751746746, 0.539549996552978, -0.378973297872335, -0.006749004458058039, 0.006422635228556572, -0.003150346887878186, -0.007596262172071988, 0.011989902874674385, 0.47413375925219725, 0.12062207349484311, -0.2397722794164565, -0.32052623837705596, -0.16700441803328658, -0.18346618671648685, 0.19916945624117943, 0.2139521875136552, -0.2777573002005056, -1.9145119222819176, -0.12490299496448642, 1.267760839267794, -0.4752100439014555, -1.5494637214825389, 1.5599325695066, 1.1442037578996178, 1.6989475979362396, -1.0515060829284266, 0.7491807124512206, -0.630845910820085, -0.6605220968970116, -1.0312697317085622, 0.41884442571728187, 0.08986042760352575, 0.8406522781439207, 0.18279606064857035, 0.13967383123736, -0.7710696987294341, 0.3350841062483596, 0.2627213577497969, -0.3070492491206096, -0.004922287010643345, -0.004946350706651614, -0.029251127358747908, 0.0020855671682316057, 0.016888685517333357, 0.5451195080369189, 0.009949444940048124, -0.12067118804068855, -0.38337031567141366, -0.09093244328983019, -0.06455855864487603, -0.04102130918488456, -0.3259190564284893, -0.6991746583736358, -0.07102115785460228, 0.07916292759728094, 0.8746431331254598, 0.03091970413644418, 0.6204604377790588, 0.11773158294460018, -0.07057079718190096, -0.21546129567150274, 1.2842410709019987, -0.10622825759953258, 0.08716059850269176, -0.45353406407659236, -0.07368503725908226, 0.48539374889463716, -1.4224695383304606, 0.22202328435880503, 0.10641250225282306, -0.08261724384452407, 0.11747861326011844, -0.9648656064475176, 0.7520140465110501, -1.1378803623169347, -0.006678572244688041, -0.0034723774897997828, -0.006903333449258753, 0.018517407207433223, 0.0013871592987442227, 0.562606103770122, 0.17139686151642763, 0.08921751283594404, -0.06709111849272631, 0.08259456112836006, 0.03096807737205154, -0.20565780119136434, 0.38191062350018967, -0.8203855469010932, 1.3966527592872353, -0.49220053138924413, 0.546588723386435, -1.6418500659274287, -1.6156118369883075, 0.2229423887017674, 0.33783383581078397, -0.48084499375874756, 1.0428183109431757, -0.17509894831050588, -1.27348739290494, -0.0013935476522419776, -0.7114486922082506, 1.5805192206848915, -0.04171614944675639, -0.11952001691997793, -1.682160055190252, 0.3093164762497054, 0.3245073437888095, 0.4376431059559849, 0.21779584525518203, 0.16867117755646177, -0.017784603960414813, -0.003427760060120022, 0.08780547364426639, 0.014954376950129245, 0.004522906332539378, 0.5167690889610981, -0.2541667604890563, 0.007960008696773713, -0.5331870977277617, 0.2429899712098944, -0.18714125342194166, -0.027639436930940064, -0.6125003119825578, -1.348280354718952, 0.7291907661804657, 0.22745330739004999, 0.48217748710692376, 0.8104130456874827, 0.32438711507103335, -0.42236959116979733, 0.021033698678934343, 0.38815626287419036, -0.2626691532449854, -0.8048454582290105, -0.7222342140238425, -0.11345450304224869, -0.20975014811671144, 0.0759284910085114, 1.552329731270902, 0.3795309969088123, 0.6049761086306944, 0.40352709330863945, -0.5002287747424816, 0.18025149445997357, 0.3154949753565006, -0.2541762365872273, -0.01999005906454343, -0.0016198587464373304, -0.035322987818517504, -0.008847856503194862, 0.012573350808693817, 0.5011609980896878, 0.16427821513159557, -0.10776030213618526, 0.0034131455454939896, -0.3022701923431299, -0.031133898202426735, -0.2330647537482946, 0.4292945900095333, -0.3589116506569212, 0.01609623858527698, -1.3730141247533538, 1.0683067623451734, -0.9741262696095419, -0.6923376547872522, -1.6079725482359777, 0.09882449655304981, -0.08497322511340144, -0.5680080669592371, -0.0038155258779291046, -0.17760552455308698, 1.066441977461409, 0.4956666852035596, -0.5583574746736986, 0.789245181640581, 0.48767339749610983, -0.0001114372249162443, 1.1691012401750527, -0.4135526618761105, -0.9242334156026573, -0.5322893229471788, 0.7258326771589054, 0.03342558708834531, -0.0187668149651401, -0.005623524865768559, -0.02131995226457306, -0.004771330756270231, 0.5352274062801143, 0.07669169215856186, 0.0669450313407225, 0.12547846209395175, 0.0711904156255514, -0.03502694990481814, 0.04736562614584727, 0.6334333781914125, -0.4035935290288677, 0.7363137335690908, -2.266246334936568, -0.06110001920916375, 0.06508140760706738, 0.12884998359393762, 0.5638017337338397, -0.5273691713906601, -0.4104587345082109, 1.147534924135698, -0.9718119644522858, 0.09060838344726108, -0.671068513719888, 0.020978892585844733, -1.552809751193763, -0.9503994663369895, 0.6644924123079363, 0.48577017364550557, 0.8577208171170696, -0.17508799585993984, -0.9431110591892775, -0.6213968999974213, -1.0320392090344512, 0.02378446880697993, -0.006316753000685793, -0.02322659385959014, -0.013872390434400472, 0.007392713568300735, 0.5259280995098266, 0.119457122222272, -0.07011012772258596, -0.3423070394012484, -0.07106106505000298, 0.00609048011970259, 0.17122856576520462, -0.5541912492411143, -0.6988120235116924, -0.6103918350436572, 0.23791722040508034, 0.2973615785567745, -1.2128483290874783, -0.7050473372847819, 0.1473425993593196, 1.2760294688081046, -0.4562858835430177, -0.4172963507935492, 0.20597453468735694, 0.2789076063361904, 0.1550288007109657, 0.5461431174180689, 0.5287168905429098, -0.3241053848686022, -0.3287405234086691, 0.4016380136616817, -1.063009044397404, -0.8538660884034925, -0.8909562391601185, 0.4924070298883123, -0.6261936922845734, -0.058234678539690776, -0.007984820647443769, -0.07999897164387448, -0.015429360551578952, -0.002949044295718295, 0.511679631829054, -0.4131977380133378, 0.08313950078192534, -0.673279014279899, -0.2636428689637569, -0.01927951264786998, -0.831033151781071, 0.01701591633461419, -0.8154085203374279, 1.581126613147319, 1.9748727041742313, 0.4823935496286751, 0.46731752273296934, -0.16803727383080513, -0.3706766742426453, -0.7009212780508278, -1.1476117385561793, 0.9236169158984922, -1.174219020409737, 0.9377250637263614, -1.134701557366384, -1.3554909113959184, -0.11672697213998617, 0.04075347644965177, 0.3822240412183078, -0.3018739376729229, 0.4570398591938556, -0.4166361868342392, 1.594816515886464, -0.8668181461288782, -0.04467955360087217, -0.0013617086176651583, -0.0020568339994326834, -0.06400556185099049, 