{"1": {
 "calculator": "sgp_calculator",
 "calculator_parameters": {},
 "cell": {"array": {"__ndarray__": [[3, 3], "float64", [11.372, 0.0, 0.0, 0.0, 12.061827473480129, 0.0, 0.0, 0.0, 30.051522894566773]]}, "__ase_objtype__": "cell"},
 "ctime": 24.74407440089516,
 "energy": 0.367679956369102,
 "forces": {"__ndarray__": [[146, 3], "float64", [-0.012530360593530077, -0.010831469756226397, 0.08607597866148353, -0.007021614634084017, 0.00814917013667582, 0.5452468719645367, -0.04240621873827877, -0.15106400103206852, -0.05525761849457922, -0.08149658345610078, 0.1362261630146122, 0.20637645888655243, -0.6083346316004281, -0.06546769284045695, -1.5291203891683836, -0.41326208028567635, -1.052664011552224, -0.9620309733359136, -0.9548601472197333, -0.2574416454144739, 0.17707422820103602, 0.620618789407672, -0.26849262104860827, 0.3920939974077555, 2.0394316398705996, -0.45487413841328816, -0.7325740313990536, 0.6976794404872635, 0.9789948252837348, -0.3046319285822392, -0.21624435670423736, 1.0628729241107067, -0.14289674280098552, 1.728484928967191, -0.1765712870525249, 0.9910915673726777, -0.023859330511868393, -0.0025323038729538894, 0.03262269190918232, 0.004498230186982255, -0.003018521892897752, 0.47083228658630105, -0.37918232446781985, -0.3287920116708847, -0.7997955014379841, 0.06349609205494744, -0.23069128214547163, -0.33129649776037695, -1.232000350252747, 0.6520874302104858, -0.1803598130682076, 0.2649945444829882, 0.5000271825801974, 0.8248664249299509, 0.0016987785606943362, 1.071467525762273, 1.006003994267303, 0.8406067187570443, 0.1491202769911979, -0.5725863024640603, -0.662342359298691, -0.4925966715750292, -0.5830406894983753, -1.612160093712646, 1.1976906914105712, 1.420703146294727, -0.3734227066772746, 0.22298715685565185, -0.6576864412727446, 1.0507807624653651, -1.050146397696949, 0.8822870763706305, -0.017325396465366794, -0.00628024342913136, -0.09779039775412457, 0.0075239857198141635, -0.0020833971699403264, 0.49688530172034007, -0.16212748249040487, 0.11179462047630295, -0.3024113935225614, -0.09103558406087586, -0.030680005989552228, -0.7181618521158271, -0.7891612421585705, 1.2761104789242381, 0.47565740634672693, 0.0006574294483243648, 0.20829044347078707, 0.5926381051365297, -0.1607589672296399, 0.015406336200612714, 0.7157407523754955, 1.8740294705394263, -1.483871749987884, 0.2130660628440637, -1.1035478038320434, -1.7511453909152124, -0.9235472027066862, 0.8295937875632262, 1.6879894329613307, 0.18856378623240744, 0.08974394780307193, -0.9894177543164915, -0.6600884661711461, 0.01752806655713357, 0.17623743639478562, -0.21537864501533477, -0.02150049142210264, -0.005188398054343679, 0.03401613085770805, -0.0031753461572066044, -0.005505264497458029, 0.5190054061495175, 0.04194968560614143, -0.005674830915268103, -0.25067386231467026, -0.04976841256325315, -0.007285641643747454, 0.06876301953161601, 0.6429208720410315, -1.1495478656406704, -0.2889594747849742, -0.3164083373746962, -0.27690723422119845, 0.8487024715266216, -0.10350396776311754, -1.3061913050760268, 0.6967145606204213, -0.9128621476011176, 0.5922003651462546, 0.38472842245278116, 0.25240583044069353, 0.5206537625940655, 1.2706191973438763, -0.42132926282192784, -1.2114021983893508, 0.502963239865494, 0.45331611022334073, 0.5937120872877131, -1.0752331048061023, -0.9705981973438611, 0.18819147167778283, -0.3194808081971132, 0.014659819975122446, 0.00654376437282167, 0.004134917780447722, 0.029751690665193564, -0.007416903098771854, 0.5346617571058232, 0.02726283752144809, -0.01598731090041383, -0.9391769145527178, 0.36590084069996465, 0.15640759649591018, -0.06298413064541819, -0.18222678883671506, -0.3917714874513365, 0.6802972333052821, 1.8214334481963306, -0.10004035425117763, -0.4380692706545233, 0.3984548264888872, 0.1599241293652085, -0.3090827061407708, 0.17998318696982096, 0.8939663184510209, -0.8450193022440544, -0.4260394206419278, 0.8402685522378306, -0.09876734403587761, 1.0814742912848487, -1.0351127393055322, 1.3776137050267607, 0.5807885209036385, 0.02258271374148535, -0.7505186647822484, -0.3531808532072773, 0.5882894335627498, 0.5444872142525128, 0.04175220050524331, 0.0014596071466712601, -0.03926738076415859, 0.024569737396376468, 0.0016243842451473256, 0.5214391033941865, 0.21471765044361746, 0.07935350924867635, -0.2790504449776563, 0.007145839774580054, -0.09283963708156762, 0.06350383692461037, 1.2873085958945012, 0.7475291815017044, 0.6632178726076745, -1.496296255987545, 0.4857079158821307, 0.5794474320200607, 0.09678959159782607, 0.3956407463836058, -0.5988816546941962, -0.8248684859765945, -1.4218549468041601, -1.0451828890722936, 0.07765427468712005, 0.10107953949955117, 0.742037136110298, 0.5815218830716731, -0.6755701758502255, -0.18989000883993867, 0.019938129298679996, 1.2598998479388683, 0.24391152011776285, 0.1566055760299605, -0.7595616865619377, -1.0601481204485026, 0.020379495258509905, -0.0029766963469342045, 0.021893629837450135, 0.039533753370946556, -0.0005109337832465144, 0.4566047625635292, 0.28452500751791376, 0.10209759151211983, -0.42974003000108496, 0.18035788254735508, -0.016519419847440986, 0.06490018537897413, -0.1735228575880683, 0.22972390798599918, 0.05193980348576588, -0.9123102981816373, -0.8186931303216625, -0.4599096650063075, -0.26609050613842555, -0.1317132595675048, -1.0897620290616032, 0.012280843707230815, -0.5399108620820243, 0.9515095205558737, -0.33771610415556097, -0.6456221075641224, -0.486206346680774, -0.5587376658418179, -0.10132778521528962, 0.8764074052260185, -0.5238773820656206, 0.347074770310428, -0.6826493741500599, 1.189405031914248, 0.2222135378144685, 0.7767596062949451, 0.04231314625585014, -0.0052757472877260625, -0.0015996105912563507, -0.005982507664612058, -0.003630498236134372, 0.5349127610902542, -0.07229545339828292, 0.02902485186746162, -0.0034294555871383636, 0.10492721575405994, 0.10129404220242577, 0.14587416884387494, -1.0919311397556157, -0.16847018219596066, -0.38297105560786804, -1.2477613067194397, -1.1449796213914851, -0.20267299902047853, 0.5099849483694925, 0.06238916922848148, 1.1630990057783492, -1.3360494264122735, 0.7488068184366057, -0.22709970832102044, -0.005407429822525955, 0.29173860452192457, 0.4146979423048833, -0.2663092918101029, 0.2307313187549198, 0.15643074739546137, -0.5293507894280083, -0.5316207903638315, -0.6732730293515488, 0.36398233449881445, 0.09087351245125319, -0.09493936830040184, 0.0143763782731412, -0.0012585063511778571, 0.05902708634130249, 0.029640419937493334, 0.00608447558329317, 0.4660889233805392, 0.3531422185765223, -0.07299895649202881, -0.3758986494694909, 0.1674847716047907, 0.0477521577272455, -0.021656257320501027, -1.4483742557495134, -0.09405141679235385, -0.8525067220416531, -0.24928930285511797, -0.05130532950772704, -1.545612400303071, 1.148813729199901, 1.531661004817579, 0.07155362188359504, 1.0568141239964461, 0.14359163754375004, 1.5023274969607883, -0.42447373782306386, -0.45125080482921476, 0.9301405161645562, -0.9477721149860372, -0.9589229961266028, 1.9426072388819193, -1.1861944683723777, 0.9453229917726276, -0.46527023513044696, 0.4913698293514699, -0.9836554953731138, -1.316534379915538, 0.018435871640207324, -0.0017115847785724725, 0.036169166903164296, 0.002798132690145394, 0.003895396277926011, 0.5360269472785149, 0.018814064880189107, 0.014003362263338204, -0.16695557120328886, -0.04626238449009179, 0.030369677311284704, 0.36348989862608505, 1.0591658923776777, -0.268868273061571, -1.0850731688678934, 0.8284540041790933, -0.0917219141588248, -0.0032133328090822033, 1.5848353265682817, -0.5922708416541127, 0.745902373779245, -0.7178085075720446, 1.0022402369097563, -1.3730260907477714, -2.428104907369743, -0.5314637836131624, -0.9275486617025308, 0.029733764013428754, 3.3782771829428384, 0.15153722752165777, -1.4187753502301348, 0.4788529393790668, -0.4070476448446243, 0.9390463592990272, -1.0369683194826393, 0.6139865571230985, 0.004275202866892869, 0.010840869351284255, 0.004201151920824486, 