{"1": {
 "calculator": "sgp_calculator",
 "calculator_parameters": {},
 "cell": {"array": {"__ndarray__": [[3, 3], "float64", [11.372, 0.0, 0.0, 0.0, 12.061827473480129, 0.0, 0.0, 0.0, 28.041218315653417]]}, "__ase_objtype__": "cell"},
 "ctime": 24.74720598200231,
 "energy": -0.7857403331436217,
 "forces": {"__ndarray__": [[123, 3], "float64", [-0.03834381859185498, -0.020433204101294677, -0.07996969260045717, -0.009283362658827343, -0.008849151437601677, 0.4612129687882316, -0.05495878530200571, -0.03252426710002965, -0.4402932402915667, -0.008784011108105005, -0.1066040718081922, -0.7603729379707147, -0.2780445759879058, -0.08902311746578562, 1.1081456401304877, 0.991115898865985, 0.9764409211027214, -0.7137617741637285, -0.7894820490618031, -0.5663171513708676, 1.0678890718966159, 0.8178053994096217, -0.5214397162873183, -0.7327954826394034, 0.4296485258030316, 0.14327746737490088, 0.816316566214482, -0.09914950408960976, 0.7411646854250193, -0.0622276775040973, -0.018598598021490886, 0.007925562298964905, -0.048158189446155575, 0.020539661255128294, -0.019308960266869235, 0.5240854802210606, 0.2593228985101632, 0.11141139343516215, -0.20220175152837783, 0.2776988230121731, -0.07267219905315869, -0.49310759989236885, -1.128847684121638, -0.19256824009016782, 0.3685369298539172, -0.24239519803992948, 1.8645826947051773, -0.983696735370927, 1.0672478924691404, 0.5364930003476047, -0.45837149944986777, -0.24461598159405185, -0.6594609543249135, -0.3209636894441701, 0.5232871776045158, 0.17098244545873342, 1.1320363164677474, 0.020928934826656587, -0.11083059773383752, 0.6959292441733851, 0.03856129914851181, 0.008428200839347255, 0.016704322400869387, 0.004109748519184109, 0.03251962181337831, 0.5197221925767508, 0.019246478484092222, -0.2558049263212183, -0.09488059994964715, 0.10656210932546628, -0.199430798599451, 0.22063553562293237, -0.8619958208710159, -0.8199935700858987, -0.361873638668726, -0.46060407642460177, 1.9501495259069088, 0.41419633421332946, 1.5084586574464538, -1.1202477940155404, -0.40730633538282746, 0.3313651635590986, 0.06334720796894544, 0.2330206596620883, -0.6443499115474651, 0.23732833559375877, -0.7763756380390987, -0.9930252215801829, 0.2955892843183392, 0.12543383697538957, 0.04865388202281906, 0.011340630366618143, -0.06798626668086172, 0.003783240112539943, -0.005529345522674589, 0.5351783002288357, -0.14069270859937433, 0.07697923213078184, -0.6973059291447044, 0.2537638537771443, -0.16406739691348093, -0.36728288231842043, 0.06314293881462163, -1.497531826871409, 1.7154915479929969, 1.2301230786049473, 1.7814447613347966, 0.7458978967996472, 0.6162288256641659, 0.0346556314751183, -0.681113164202543, 0.7223579417133124, 0.1251812822812326, -0.27258309837191064, -0.6292120754083612, -1.4994011274339982, 0.2720603118400504, 1.1182245419506671, 1.2144971865837988, -0.2001373562657136, 0.017430860076689925, 0.0025979348272642255, -0.10468400998405514, -0.010254869230553965, 0.008327305017957087, 0.5338814696275449, -0.0594228676507953, 0.17142141439870784, -0.14047496701044793, 0.036532919746036896, -0.07070375431692355, -0.252861719980217, 0.4557656278060449, -0.7312796793084999, 0.7296731006545087, 0.26682549566896796, -0.3864124177886197, 0.32094155386243983, 0.6824915092548736, -0.0005957503994977742, -0.41745575084223674, -0.4920722046697392, -0.31204658356455184, -0.07332593244450436, -0.47874631542526913, -0.8362892687612771, 0.19460494575560006, 0.40923191166371, -0.11651725026172244, 0.09939542813026492, -0.022516724990069292, -0.0038317962135607786, 0.021834121870028866, 0.020430739230899775, 0.005010314494967361, 0.46941064927955267, 0.04537420115306645, -0.20485060470787175, -0.45888748258170153, 0.0008418800215395095, -0.03450944070663553, 0.007505323154191501, -0.600425665028979, -0.2814162043378019, -0.7368701146242529, -0.28427966871436183, 0.4452316247153476, -0.005317608557902531, -0.8388935393529664, -0.1827279542526412, -1.0116133230226296, -0.1744943443801219, -0.14700192074081997, -0.2965604353087201, -0.9126626069974009, -1.190578588392441, -0.4177910566040737, 0.6770551682109271, -0.26721393260686455, -0.40792923324318053, 0.02199148115063565, -0.010883284366741464, -0.03756738631147982, 0.0030151081181202244, -0.013429438907394342, 0.525023873166333, 0.04787304656011315, -0.12263269908714847, -0.193797986317918, -0.11534131752999599, -0.11008549983620242, -0.19679676366081367, -0.5013533584519791, -0.11948446736522556, -0.25951573626252866, -1.0709826292953721, 1.5668938275152868, -0.3042908890190006, -1.5031494094744176, -2.3234487081319912, 1.1272948441726385, -0.6978169225046145, -1.2702850257564933, 0.5072324743689478, 0.26875691295117576, 0.20146369688723098, -0.9525093323418332, -1.015912712684468, -0.6787943097899642, -0.26035847864295647, 0.03169098886733934, 0.007306427716514463, -0.046093568008814145, 0.02632155256355162, -0.004898088171742643, 0.5151000856025121, 0.19040315437973732, -0.030861427644595096, -0.14237125882766577, -0.012180333038202207, -0.06643554930707296, 0.07992980491667367, 0.5392129511678831, 0.4999776872655275, -0.20166710969579071, -0.7903857348849215, -0.3298448465392312, -0.4421714821405658, 0.6088564242506891, -0.3035146600293501, -0.11802354095243572, 0.2557044588710369, 0.8894882334604972, 0.5644974630387196, -1.4238862205729674, 0.13086618153056406, -1.4090717710314493, -0.633971522170782, -0.5900738967100096, -0.40662509910771405, 0.008223727829054894, -0.0064445054319968165, 0.03149027011590988, 0.0075627047572197625, 0.01960250544934894, 0.5156791087182455, -0.08585554834354525, 0.054386097311905246, -0.533275547306971, 0.36141515820784775, -0.04349500162385311, -0.040798532845656155, -0.8732017359254769, -0.898829181857991, 0.22966695405011706, 1.9885244415270336, 0.43722220885501883, -0.3473111691887425, 1.1823093158591291, 1.6671919131434265, 1.1501151606541953, 0.214971826883243, -1.9467154816784387, 0.36565149737441516, 0.5637360436717245, 0.020610519484705492, 0.555950358071641, -0.012263355530876652, 0.7386649871701252, -0.2569289361540541, -0.02591896709257213, -0.005052086776615283, -0.009821704261355535, 0.00820917613561889, 0.0015283310963241092, 0.47272040616206823, 0.2592527124591584, -0.011781110128140426, -0.5099158310321172, -0.010273482595238193, -0.08992262478223978, -0.2468325279102146, 0.7162187913304479, -1.2051748608812431, 0.2729683350941059, 0.010948412509435457, 0.5412344684174286, -0.7183090738636793, -0.10200374452179517, 0.5250792571731395, -0.05646839489531885, 0.43611056684028426, -0.24027247214573322, 0.3251927844767124, -0.423822699699258, 0.22572397059930438, -0.2607759403122145, -0.8640523305886063, 0.024494094694262003, -0.25759966391768785, -0.005701092208582281, 0.004274830674660279, -0.007091286694162591, 0.01792233541858579, -0.013836173925895423, 0.5314522010089604, 0.11625346103517131, -0.06636783366332111, -0.25316779135403067, 0.09530396079983916, -0.11238959896843426, -0.02364613351414846, 0.6539946789384885, 0.4460675225666364, -0.3369384185423314, 0.0471160137684592, 0.03195318573591521, 0.11589319243910268, -0.10590206534223512, 0.624359004433245, 0.6016095913705612, -1.4508500052465934, -0.10394030195050163, -0.40470544337654246, 0.07148436073748599, 0.6608417451449782, -0.2021955085992886, -0.21662661351206225, 0.08244079589962894, -0.11171156278498984, 0.04107346539012724, -0.022036275814713235, -0.003590469445953204, 0.007097427760115238, 0.014713969811623429, 0.5703589255848556, 0.009712327476641747, -0.10677669360825348, 0.16367208766564545, 0.29414743426093537, 0.03856647544671432, 0.16232111002227612, -0.8916464336023182, 1.1920691781197092, -0.21605116195723895, -0.32708745214938517, -1.0688343738968342, -1.2484971701187533, -0.03143383116065479, 1.137406974441319, 0.11947365435662505, 0.5041619520518452, 1.2320703304067138, -0.2975274609157168, -0.017202264126467526, 0.35876838351197193, -0.2741890662678088, 0.23436705518065537, 0.15485721422697907, 0.4874365188725278, 0.8432019175136247, 