{"1": {
 "calculator": "sgp_calculator",
 "calculator_parameters": {},
 "cell": {"array": {"__ndarray__": [[3, 3], "float64", [11.372, 0.0, 0.0, 0.0, 12.061827473480129, 0.0, 0.0, 0.0, 28.041218315653417]]}, "__ase_objtype__": "cell"},
 "ctime": 24.74715877747287,
 "energy": -0.7722842105431482,
 "forces": {"__ndarray__": [[122, 3], "float64", [0.011399525153819923, -0.0039427755294809685, -0.021361310563065672, 0.008405877681919804, -0.009963520637867873, 0.5351078470023367, -0.14746289482371822, -0.090769568866925, -0.10042150537105954, 0.09123731294732806, -0.14684168006021991, -0.10897243389644018, -0.2593285418754476, -0.18465969730962684, 0.14001250730638048, -0.8466234574212876, 0.23083642777953628, 0.7138920533926694, 0.6927990922995377, -0.027745829719947324, 0.17662877356815443, -1.3431117824840157, 0.8329674542935663, 0.3807226082310393, 0.5948835427234371, -1.5692100801774416, -0.02254074948041307, 0.7358619178994559, 0.6916689932094755, -0.5187652610297846, -0.02069481560518227, 0.003323387857136595, -0.026055416234612494, -0.007161256755281897, -0.016330206809286096, 0.5011807047093555, -0.20635969559342016, 0.18293115191463016, -0.5910874939027053, 0.24374737086850473, -0.08127715406573088, -0.5623970237703588, -0.6030268434072923, -0.85235007993208, 1.282799164433868, -1.0609453781055436, -0.019697805143835012, 0.31214270075804507, 0.12341796628260226, -0.2470571757267095, 0.7878409300330986, 0.6137685614030488, 0.8073793291603124, 0.2608461174410195, -0.037700822673002676, -0.1664714707661119, -0.6330169141847364, 0.3911455791371168, -0.7227073151877903, -0.5762787839103112, 0.0035167562847675526, -0.0069941256744101565, 0.04961622169628299, 0.028083606295119523, 0.0032812407823001877, 0.4824644821707267, 0.5925893024719642, -0.13279876708875804, -0.5452009954021264, -0.08355559301261906, -0.02831993250553566, 0.18610392008093868, 1.1704737027590681, 0.36037169010401726, -1.04755907712331, -0.47337739937955803, -0.05508181779829613, -0.9173035427791092, 0.5934166098762717, 1.0957034296852157, 0.08238410804354146, 0.7281082210409977, -0.921300225435175, 1.810910048569383, -0.9151551368588571, -0.5467327254201564, -0.04913809701270111, -0.017800682418055658, 0.6362033004513705, -0.9572172788084572, -0.00039344121026729795, 0.02130891084557618, -0.04614382827810459, 0.006033903460568979, -0.005397178732067687, 0.5077567311201392, 0.2605523957295546, -0.02504878801482846, -0.3912577916718192, 0.05901535304380445, -0.020011026351994587, -0.10158359888032464, 0.22948092216607563, -0.4880066326226711, 0.026500170957348246, 0.14883893228579836, -0.28301713614916935, -1.202886862603691, -1.185883117467597, 0.14477293471153985, 0.20452504590809895, -0.7902333223192954, 0.3271169328843371, -0.260146580048513, 0.3329982998026253, 0.11435188764720294, 0.056162986584297414, -0.20008195250670724, 1.139826572346749, 0.05873596981928131, 0.019013318218341624, -0.002357033747543369, -0.06728581704135195, -0.006355730534757242, 0.0022303931376370656, 0.456676533205183, 0.22190869789767476, -0.1261527547779906, -0.9073795787621748, -0.26614983606295084, -0.1849374497152212, -0.18343068191052225, 1.2338821644749487, 0.004501385867541785, -0.27785960926451025, -0.30074588494525756, 0.23139239858289784, -0.12006903534845037, 0.3585826636956142, 0.548332986583091, 1.601963577330764, -1.3917619138746886, -1.2098632352565346, 0.31093065824231303, 0.3514653513111625, -0.12795899413455913, -0.731453447860531, -0.39045740555650355, -0.1769132560447133, -0.2905479767782708, -0.012581194080610203, -0.02353462728120803, 0.04308928741897944, 0.009560075324337447, -0.0010572854430641598, 0.5292861770496131, 0.05900529464562965, -0.16146203814020055, 0.05231561403638807, 0.16395406944222835, -0.10374976748198605, 0.05870986529544098, 0.3447389682793869, 1.4693597794049538, -0.3496689747606183, -0.11203569651365797, 0.011312216681858445, -0.4313079243519553, -1.366418664571711, -0.6574835079391619, -0.26332704718254263, -0.5443631475640132, 0.07429904166210122, -0.3799775136046719, -0.19825667034379535, -1.213606517579933, -0.09981413957507357, 0.9784361382879752, 0.38159635419685856, 0.5076515096870935, 0.01941912947237512, -0.0072407533802731905, 0.004261394475406632, 0.004960936766309487, 0.010861432950250105, 0.5477234438028518, 0.046753251564297216, -0.19139964079943184, -0.05774253986760414, 0.03968727158769525, -0.01226285755174672, 0.32444607084948984, 0.9533712414868205, 0.9401882937065693, 0.14909858906197826, -0.24076706264889935, -1.7269316022029102, -0.7230438291696117, 0.5313629923639382, 0.8023795691775035, 0.9479306987050222, 0.3287054290389051, 0.31140402119488897, -1.1602995647751868, 0.2537434093978277, -1.4887862905461589, -0.11886296497891635, -0.6324892505139701, 1.5815720348289233, -0.34385630592140615, -0.002131697331186899, 0.0072209158822929, 0.023265559414198833, 0.001897049177202348, -0.012869216376984127, 0.459751890869768, -0.11590885363566983, -0.04687766024261464, -0.8206020120374546, 0.03162852878470801, -0.1926157775333195, -0.22931253507039173, 0.3350441018830139, 0.5269375966954613, 0.3644214075616219, 0.16906284261727933, -0.054234965380487665, 0.7801690578846774, 0.7402536948260092, 0.25840573900322283, 0.5239921431772245, 0.7352001902557959, 0.09190106586197544, 0.27417781088028903, -0.8622072834509709, 0.6310680562334028, -0.339570231795733, -0.017358480274424437, -0.3222280187611659, 1.1716356160068244, 0.010247490574315066, -0.001386714128358335, 0.010894791435021034, -0.020504472805143337, -0.008820299594276548, 0.4976023058241026, 0.06942170237388723, -0.17762877034772373, -0.2481159277315328, -0.026298456751220556, -0.03152090262830143, -0.00275294309057017, -0.49266782525407393, 0.3725803582044591, -0.6288683446471168, -0.3723130744665468, 0.6204463035147114, -0.7381719356150427, -1.379720069460518, 0.012628876233563346, 0.5023451816620081, 0.9042624951668472, -0.36185822854986327, -0.10128523093754893, -0.07232749094293922, 0.19361981128912475, -0.11696342911000102, -0.2726459447773095, -0.2727080374262414, -0.09245832895794592, -0.011730366365412692, -0.012312984239869706, 0.0008984023436369171, -0.02626129551949674, -0.0012318404117408477, 0.527062102652124, -0.10452447458315817, -0.1077508264363587, -0.11926027639196946, 0.07064929813704879, 0.08913948278190276, 0.03474045285815919, -0.9826062703772322, -0.19461451842761335, -0.2397304216078453, 1.0476538187003825, -1.1593778872375538, -0.6377128886679202, 0.5184329963630034, 0.23231731330994876, -0.27827999863393416, 0.28173389474761734, -0.34877455260971146, -0.7181942536764154, -0.8402431022950623, -1.7435509354336318, -0.019937414926516794, -0.4721707178180736, 0.6986920823551372, -0.19445324723983504, -0.01132048945820685, 0.005229294249573968, -0.01775475146939698, -0.013237223270522236, -0.0015424925137494938, 0.4889357736380475, -0.10292771992907035, -0.059882432649203565, -0.7434308719454634, -0.2634331284912719, -0.04820732271187467, -0.28046671832424863, -0.35895462161145986, 1.6363239858897032, -0.8285304556414985, 0.8118623943614693, -0.39538591363088926, 0.007225074847696078, 0.6171836085614473, -0.172066671703611, -0.04264244845455778, 0.5261585934576942, 0.10323669723868534, 1.0222279288313985, 0.021440266386321127, -0.6909091862900141, 0.1054663356603669, -0.04053471841581313, 0.3313945323163807, -0.041079026158058696, -0.0009741339361788448, 0.006746305899866911, -0.007605017403193415, 0.005620427581831677, -0.011202260536702369, 0.5012500146752927, -0.26583449520271074, -0.008297799232536818, -0.6095203689391724, -0.24124049902417255, -0.28017648297492315, -0.2698946597037093, 0.1964763760459789, -0.057990210021444, -0.5330831780264589, -0.6871296965353224, 0.9254906611970597, 1.9064478597124435, 1.4669689131931705, -0.8579023808391071, 0.5899744199505221, -0.386629350938847, 0.7632903759822511, 0.14749708331908096, -0.18341089405890898, -0.6072369192820446, -0.6643224065023787, -0.1848143188085487, 0.5049922370789091, -0.14439721262533567, 