{"1": {
 "calculator": "sgp_calculator",
 "calculator_parameters": {},
 "cell": {"array": {"__ndarray__": [[3, 3], "float64", [11.372, 0.0, 0.0, 0.0, 12.061827473480129, 0.0, 0.0, 0.0, 30.051522894566773]]}, "__ase_objtype__": "cell"},
 "ctime": 24.744080564390035,
 "energy": -0.6329814110067673,
 "forces": {"__ndarray__": [[146, 3], "float64", [0.007331712607790308, -0.009998137462851275, 0.0258070862371369, 0.02514020609059031, 0.004683399336812499, 0.49839126161623426, 0.34202265477483706, 0.03788602015040965, -0.7633717352275653, 0.1534809354426372, 0.07441757888758183, -0.007980606366004395, 0.12627974419514132, -0.7753541740979699, -0.1490933723755461, 0.7744240026015632, 0.27103343141737213, 0.15463704536313116, -0.8194788891566418, -1.3933057735290504, 0.08772402004973401, -0.3736633948071528, -0.3998148175001859, 0.1476004631385308, -0.8879263511274189, 0.4670694491730387, -1.6917416731242838, 0.31128427241054624, 0.32719664215682087, 0.37432356904582775, -1.3254445290417607, -0.38681809438276105, -1.5361581266506619, 1.1754999991742352, 0.9586309076363477, 0.9795057733185786, -0.007843597573971905, -0.01080159135970149, 0.004452581805594491, 0.004007381328747783, -0.0013974358259147834, 0.5140944523584778, 0.1922739051569735, 0.015519226422838983, -0.1810175744290916, 0.18282889125002555, 0.07708637352530445, -0.041038956769455126, -0.23731865063533064, -0.2350790989021334, 0.19338687843099933, 0.3147469349589471, 0.3230831084541137, -0.27361419987326485, -0.5378610942080968, 0.8858814837547868, -2.029397829338336, -1.3249248188909064, -0.516725588432962, -0.8685193031105314, 0.05111529064569709, -0.3429957092619702, 0.07178841953816573, -0.13750859563327822, 0.3357174904584781, 0.902217545313988, -0.6190054157418103, 1.7982187746238196, 0.20043267981236568, -0.8026435307048132, -1.1055476271847056, 0.19651241153724186, 0.03955950102944428, 0.009163062247601772, -0.11180320143535027, -0.01134399272739084, 0.0035996320675177884, 0.4641184800012752, 0.16807059103534527, 0.47179381439343615, -0.42965944022921576, 0.2153617238043921, -0.052780156698556624, -0.3935526885768468, 1.2872998366339061, -0.9670812100997637, 1.7008107343964411, -0.6455260546068047, 0.27192888925377723, 0.5776118595604487, -1.4389909601441104, 0.0236286268889927, -1.2125966321243027, -0.6114126446845205, -0.5211261299567127, -0.34033093029756856, 0.4291845770624718, 0.11444732749276909, 1.1469346969040544, 0.5256345509929474, 0.29331148946975816, -0.12534293860238677, 0.177459451364939, -1.1834109283668397, -0.04715074811451814, -0.8438970693503904, 0.5840175884026166, -0.2196484515424686, 0.012366912622603365, -0.0019948045402777836, 0.009636536982270627, 0.004032146331437225, -0.00010880676813940227, 0.49459147223336686, 0.10109784426126112, 0.12008338384856643, -0.38196770357436094, 0.22376781351142938, 0.020644196420187555, -0.043361498875469806, -0.20076172604721876, -1.0189920486532174, -0.3043618895412479, -0.4505021436479524, 0.5399843688685877, 0.3774033962583374, 0.02532492954989607, 0.04064422834528614, -0.9240136313954963, 1.1142351672562825, 0.46875510155499, -0.3957250728111745, -1.7885755168527169, -0.17018904162625859, 1.109347211052814, 0.826176742822895, 0.8221854579619503, -0.5019366714880107, -0.651814095937425, -0.9628182799219758, 0.6615702914155008, -0.0981687478385993, 0.4752061885649539, 0.495017225472111, 0.013764998647547433, 0.00017566795222201392, -0.021204582158475205, 0.029759366147256827, 0.0011543291755700125, 0.5318570969332939, -0.03260744661919546, -0.028842594092445495, -0.16448371790477267, -0.000634153210251398, 0.050248373762833864, -0.1243590055667596, -0.16802413744092703, -0.5761654169540975, -0.5945238644580115, 0.09666487825139924, 0.7871416419440465, -0.6094131226350328, -0.1822822060154934, 1.2072909082298793, -0.0033219309349874493, 1.2574977684804765, -0.6462491184778685, -0.1007210260015512, 0.38148868935627434, -0.4933456686420925, 1.291617314923755, 0.9068656482537278, -1.7351429905299653, 0.4481629114093266, -1.0303136827000117, -1.3082951290900837, 0.43963630515099794, 1.605623628546482, 0.1086791194117609, 1.1051958075975108, 0.05276063808728537, -0.005298415786356259, -0.03846432561635993, 0.04777838443821025, -0.006911158232178138, 0.4850826925448928, 0.010402309680415556, 0.12217390820436691, -0.8258625927202559, 0.12722878166347584, -0.12687336207673638, -0.018137371776958844, 0.2745685742005435, 0.3795886892376643, -0.08677563394566157, 0.7064449275144398, 0.5823527215794826, 0.8706760683079153, -0.46689424880237596, -0.588488933634153, 0.83129766893191, 0.2334649312210786, 0.6825034698997001, -0.6228327131826461, 0.2830844428492014, 1.4033400296000877, -0.09486262061864181, 0.13289095028662246, -0.039547008420058205, -0.32455636523036446, -0.20581343234880478, -1.4603473515403493, -0.513413820292044, 0.12292223363482435, 1.3479438273715232, -0.8599852229415319, 0.021882169202275037, -0.0005901026356838202, -0.003651830518947463, 0.014535874271871307, 0.011835844997509781, 0.49166983707374357, 0.061362984976117474, 0.029965486791638796, -0.6980258623649434, 0.2400701074320466, 0.003027167200002623, -0.08382999422042303, -1.2598592209217827, -0.3090140745464396, -1.1145845345137673, 0.3759488849240711, 0.03751748018241585, 1.058707755170488, -0.6109804929220815, 0.7978144353830885, 1.0478253415207064, 1.0330486656753664, -0.8417973343889003, 0.7559233894585304, -0.5791837017144417, -0.14096384993531785, 0.07117895621627213, -0.5217980696353806, 0.20173515977194256, 0.3047927707276017, -0.2567047830435172, -0.04404503917075431, -0.6261545789125194, -0.4409541873245644, 0.12854300331190416, 1.0379796390095635, 0.03899080120050602, 0.008131118226764933, 0.050994958297280846, 0.022740586118121797, 0.0018655587895413106, 0.5669948127411146, 0.25925851457222393, 0.17359493961572525, -0.11244075493939931, 0.28848424809345374, 0.2099592657714595, 0.03722946543564376, 0.5903218340081935, -0.8182468305539032, -0.4126828488494425, 0.13982930441096642, 0.3242820245572986, -1.2035400002450558, -0.7894626385467518, 0.04586159041988935, 1.1110245504670502, 0.8658663154569695, -0.4538224451437429, 1.55495072125143, -0.5507453677019214, -0.4436461691373097, -0.5995091543516082, -0.09240250071974287, 0.09853285113578636, 0.7994531417321014, 0.46746624532784153, -0.4095800933627629, -0.7573616903091533, -1.8743918040050858, -0.15736465163379876, 0.2898410631387378, 0.010358847966436713, 0.0007762054471740498, 0.032321455796306964, 0.02404384472708898, 0.002838511133266053, 0.5271252756803335, 0.23652242003274182, 0.059984338529844194, -0.4132479517512593, 0.0922199757572173, 0.02327782744603013, 0.16205231487890615, 0.3125046225088113, -0.8998810559798471, -0.9267952343157049, 0.12833275875311756, -0.5084022576874361, -0.7132261307123144, -0.6557874556585972, 1.4108889822213087, 0.7100401431605761, -0.29243000238756167, -0.5756569006616274, -0.27739749503709277, 0.6683301641675712, -0.7787109432484414, 2.1781902717112303, 0.3679976176414925, 0.7654054173461304, -0.4921390732250188, 0.11866967312315069, -0.7890703283604381, -0.6445077118733025, -1.503295047385791, -0.8796690085073067, 0.1390760744104682, 0.024061613955364436, 0.008769380462915422, -0.006019100363175767, 0.02585665841866991, 0.00767002640566794, 0.4827245334965937, 0.365027204187129, 0.05488374839330845, -0.5892155754214059, 0.14537630392797496, -0.0993506925658636, 0.116754463314237, 0.010970616932386434, 0.46485555681334745, -1.3557397745155413, -0.792584968868681, 0.6658845786481606, 1.0569359450738887, -0.22583848472548596, -0.13552931905002197, -0.2350350705764015, 1.1371144280665817, -0.07312447990264559, 1.154065294664548, 0.8999593230894334, -0.11408945721728969, -1.0072061039614937, 1.5756681125296836, 0.1563650474687961, 0.06534411283719521, -1.2630103974213398, -0.05987160789453583, 0.2892674530258432, 0.14318599308921875, -0.9335839025901151, -0.6086351550347899, 0.02249451199894348, -0.0206289666221533, 0.010414831602759023, 0.010942432640717925, 