{"1": {
 "calculator": "sgp_calculator",
 "calculator_parameters": {},
 "cell": {"array": {"__ndarray__": [[3, 3], "float64", [11.372, 0.0, 0.0, 0.0, 12.061827473480129, 0.0, 0.0, 0.0, 30.051522894566773]]}, "__ase_objtype__": "cell"},
 "ctime": 24.744105269046514,
 "energy": 0.5088894236832857,
 "forces": {"__ndarray__": [[146, 3], "float64", [-0.01825070588898825, -0.014116664765765563, 0.060633255283846665, -0.005345169102653813, 0.010601826814024662, 0.5508208395367546, -0.03162767415869894, -0.14922390024787546, -0.047921455584400974, -0.075752389737886, 0.14302732610212843, 0.2140321723920806, -0.6216134907333526, -0.0640828407558729, -1.518935797164886, -0.40905747799047276, -1.0645400308781063, -0.955044179701872, -0.9364136442102335, -0.29281172892297036, 0.19258751872939683, 0.6441530496404084, -0.27844736670249404, 0.3841878729205064, 2.1125557220102564, -0.4410134248532813, -0.7562323289021151, 0.6767389401688888, 1.0922089065579712, -0.3757385980861727, -0.1478711904338752, 1.063927619754395, -0.23134465328621445, 2.011711143428329, -0.1768616422885998, 1.2295019133971437, -0.029975628686145228, 0.0031823807283615224, 0.03360454536823454, 0.0073668919354759055, -0.0013588477115007436, 0.4670041983195006, -0.3858891619447604, -0.3351426563513087, -0.807323841384914, 0.07086588205356747, -0.22010830030626494, -0.3354176791597183, -1.2274500369180714, 0.6487899845278662, -0.16632182873945567, 0.27165141585237507, 0.4805196799516125, 0.8398918941220472, 0.00231673670168675, 1.0927069862850658, 0.9739027200421333, 0.8363010189290208, 0.15094975195239613, -0.5769931520910632, -0.6609636606892764, -0.4852971497314229, -0.5582966762622164, -1.583020674360796, 1.164321883624325, 1.4266413251602899, -0.35166646839127225, 0.24047787283916477, -0.6824720138247358, 0.9199466053232754, -0.9697122070762134, 0.8879824717278098, -0.03034300879701135, -0.0016966366785027276, -0.08805835207363089, 0.0033635207735187578, -0.00411399368806542, 0.5006697985934352, -0.16349151068834544, 0.11218725232311044, -0.3056425301783747, -0.09622114370864665, -0.039029103438451784, -0.7239189543579414, -0.7895017153687149, 1.2694724315279018, 0.49511511987316226, 0.006645183086220641, 0.21185453880077887, 0.5887971097308764, -0.15696006844109434, 0.033570005402907555, 0.7015831450498808, 1.903950605047612, -1.4716717610535852, 0.22045471399542294, -1.1426158420481443, -1.7737537723992318, -0.9403278967511142, 0.8261663312658811, 1.7598765253683268, 0.1779774123306197, -0.012967929429578362, -0.9703885184344472, -0.7021258383465465, 0.13620448695928644, 0.0681236861510115, -0.1508343546120159, -0.02155271928350544, -0.00836541326955853, 0.019267591701009223, -0.009468871974490867, -0.0010334743060980145, 0.5294368082932124, 0.029996822713542315, -0.00703832821773176, -0.2421591292732046, -0.04930236832603896, -0.0016701544905117771, 0.061655473590690235, 0.6390427283090503, -1.1487245411408367, -0.28975512959095795, -0.3033822204029093, -0.2693717112967988, 0.8489909408026506, -0.12293228436737991, -1.31315849710154, 0.7047266229288596, -0.9425609873196663, 0.5311809733127575, 0.3523903613506718, 0.28413980454206467, 0.639410372104976, 1.2359750534474188, -0.49073661091620124, -1.193087814968294, 0.6049139866090627, 0.31337774768280724, 0.5238422719266964, -1.0158200039841176, -0.8179350847979094, 0.021575545080850134, -0.18549593431180256, 0.016842055105598774, 0.00396056142847101, 0.012770944715612131, 0.01789041368863309, -0.006281134089419993, 0.5310448776581325, 0.03064146301767323, -0.02124764786933042, -0.9561591765618687, 0.35474613646351827, 0.15738797939593496, -0.06931770575215523, -0.16833430813358063, -0.3903783516276462, 0.6691142301770014, 1.821362277445587, -0.08797209723445576, -0.4310984703953977, 0.3963285365007323, 0.16801996959566168, -0.28115204700884533, 0.20474325257691817, 0.9234378806629593, -0.8918317221996404, -0.4645136788580828, 0.8299998496186163, -0.12594531666582043, 1.0664599551286074, -1.0014065562218093, 1.376846648170158, 0.4946965379182586, 0.013173811117212608, -0.7761199211436178, -0.2680073552153317, 0.536224330557161, 0.5134823621629039, 0.05130581197306583, 0.00391818302853153, -0.020921058466228715, 0.0304985852197035, -0.0031742269650294475, 0.5264204976022029, 0.21025676789986392, 0.082520736400852, -0.28162031595911685, 0.011790732146891969, -0.10077011550959014, 0.0599934175022554, 1.2816233779758477, 0.7420744988621664, 0.6789013590764625, -1.4895076682764739, 0.48975065170952803, 0.627237053709905, 0.0491206605483967, 0.36709595058800915, -0.6612300416818471, -0.8260669553692424, -1.401657877733669, -1.0410497031252817, 0.12135128758382052, 0.10507863534576245, 0.8090128164278667, 0.5110575033907025, -0.4587590108653785, -0.16936249890568433, 0.4248066605960048, 1.331743019040914, 0.21412988797783328, 0.1564831389119945, -0.7223700002823534, -0.8716272339152056, 0.02267231856099272, 0.00250590518669469, -0.0009189529750983638, 0.033628822810101155, 0.004443013974807286, 0.46389752988159216, 0.28510629534434884, 0.09981803636856057, -0.4236581391733125, 0.18614556334040344, -0.012269711061492217, 0.0727459971449207, -0.18029330308763747, 0.22756527816454764, 0.05462320502465445, -0.9261728416554149, -0.8078513305126762, -0.4681296285384633, -0.2566696228421961, -0.1535037448506955, -1.1011008603200025, 0.002574144781647192, -0.5737822247358508, 0.9808051485217675, -0.38015345912344856, -0.6175568721937452, -0.5828680157565032, -0.5925960428444341, -0.09509274443917093, 0.8673581584839667, -0.35379511945217246, 0.33062645803966006, -0.6420422221417539, 0.9625434864028648, 0.10525743179709934, 0.6485033837543597, 0.046928710832531806, -0.00959095014036393, -0.009079408302795855, -0.0006683121232526901, -0.0004847250243074086, 0.5478185982824471, -0.06581721313659727, 0.02419032147543021, -0.004989781375115854, 0.10699791746537812, 0.10640686040790115, 0.15033947390691083, -1.0992068166160607, -0.17732094611983484, -0.39248806612704357, -1.2575084078498548, -1.1423502491425097, -0.18160618335650724, 0.4921155569918483, 0.07441129390053902, 1.1874949665252643, -1.369849939649157, 0.7526984795154021, -0.22954178161216987, -0.0001399541752107325, 0.2796522570329216, 0.4387276933043722, -0.2618996770750073, 0.2304406964593113, 0.12493039969558595, -0.4626549976098886, -0.520271188094739, -0.6527961210545072, 0.36230151458971704, 0.09953609786975903, -0.11160137677052262, 0.013806062292132992, 5.661535317358357e-05, 0.040559790629004056, 0.0214238978374226, 0.002391579697132329, 0.4771047643763495, 0.35470573867883104, -0.07677618610296122, -0.3669645164736721, 0.160798118468108, 0.047753803593650446, -0.02541901405675162, -1.445516687073905, -0.09731579016863634, -0.846198870102171, -0.25264279137877566, -0.0474244476253034, -1.5692814302265106, 1.1869228901523456, 1.5828574361630672, 0.06912822740514457, 1.0176540618476793, 0.13061182208025457, 1.5250767560214626, -0.4171122870320687, -0.39528059711665264, 0.9765305882601751, -0.9572396762580411, -0.8752230305302646, 1.964313088451945, -1.1963856033980846, 1.0725495330443664, -0.7751304789962887, 0.633091976405467, -1.206117912015543, -1.2322883791339336, 0.021202841885667567, -0.0011239737426294028, 0.015988158795607887, 0.009702259224695808, 0.004751004066690712, 0.5434664036172308, 0.01554307360220264, 0.013776608005230173, -0.17498197430904838, -0.0442900412963354, 0.02510953118118664, 0.3581469753730744, 1.0604551478973008, -0.26698980539038075, -1.0636338671311023, 0.8342499391856109, -0.09400462004964538, -0.004533054655894375, 1.5768409651836919, -0.6043897839760461, 0.7161620880870032, -0.7386578559739974, 1.0117320306360398, -1.4406226375817823, -2.4374476241282537, -0.5767498979157608, -0.875256304459981, 0.13352758182219304, 3.4026746626536806, 0.16617958136976085, -1.4564953283806972, 0.40971032184188516, -0.3843618643422815, 0.9903657849018259, -0.9474353750119917, 0.5902170512090379, 0.00853102618295054, 0.003911602431443839, 0.006520785854263522, 