{"1": {
 "calculator": "sgp_calculator",
 "calculator_parameters": {},
 "cell": {"array": {"__ndarray__": [[3, 3], "float64", [11.372, 0.0, 0.0, 0.0, 12.061827473480129, 0.0, 0.0, 0.0, 30.051522894566773]]}, "__ase_objtype__": "cell"},
 "ctime": 24.744080018766606,
 "energy": 0.3419323652051389,
 "forces": {"__ndarray__": [[146, 3], "float64", [-0.010966762281327647, -0.013229405177582976, 0.0796912982386857, -0.004375245563011276, 0.008731668110044666, 0.5425182433141345, -0.030068167068293405, -0.1486689105215646, -0.04489885896782653, -0.08250429044460361, 0.1361006528912867, 0.21666692214967043, -0.6062563382042754, -0.05563030722032636, -1.5315989402279229, -0.41254695592306234, -1.0615962432316337, -0.9499853842548873, -0.9449287630295657, -0.2876809441668229, 0.16830341632930867, 0.6204301791167381, -0.25989369510102733, 0.42185659757933536, 2.062624381124806, -0.43031968278046406, -0.8033442462692619, 0.7345387735695112, 0.9307419305241638, -0.30092941878729107, -0.10014187699556487, 1.0408788785171055, -0.0726969353718232, 1.8846994120376621, -0.2875320371174439, 1.000110592083729, -0.01937367398426204, -0.0012571786716080169, 0.034402879829485755, 0.007893762359515222, -0.00482396606841462, 0.4727683537012126, -0.37151039925402074, -0.3347738425327407, -0.7981747898948015, 0.06880458229989017, -0.2164278956383896, -0.33322092114303814, -1.2302651035224699, 0.6449790275355554, -0.17497029072183068, 0.26612191478920977, 0.4923233121608064, 0.8280290166871964, 0.0012488060424402647, 1.0866404858916212, 1.0038291572755043, 0.8566886660962609, 0.15663091467024515, -0.5661704338565414, -0.6649936254038948, -0.4851725860380611, -0.5919248400659853, -1.6014706749465404, 1.1770678683801634, 1.4191860401742815, -0.4045145732432047, 0.21554089233632112, -0.659548754172647, 0.956056880030701, -0.9549948589717587, 0.8773161605777204, -0.019162643863552375, -0.0013547985535353746, -0.09632000580495514, 0.006087935293081159, -0.0024545380492781987, 0.5013457905204177, -0.15705104451603802, 0.11011445132794506, -0.31137204758306325, -0.08611546960929672, -0.03971181796896417, -0.7238883199106567, -0.788236769685227, 1.2681984561431818, 0.4978859416605701, 0.005866096887189087, 0.216707765741603, 0.5947486673096591, -0.15452684135379968, 0.023432828788827464, 0.6850024671566644, 1.8794708153245665, -1.4696366919934007, 0.21366724260769843, -1.12787924539316, -1.7754476858418684, -0.99806955749591, 0.7492172455010859, 1.7408980505151703, 0.1462324871185956, 0.034126493706935435, -0.9654279644382768, -0.4928751301995362, 0.08149080042221613, 0.08406550706422422, -0.18174914832707145, -0.02325965049968204, -0.005352259566188344, 0.03051302504081832, -0.00453165390993604, -0.00563976083367379, 0.521078619691707, 0.0341038506832092, -0.006057354454242159, -0.24375437708658865, -0.04889792801907333, -0.001515488058913661, 0.06171847673613229, 0.6455300333091145, -1.1455272846233129, -0.30594955825040415, -0.30679495703589055, -0.2721661113330356, 0.8470834848844788, -0.10215474971755611, -1.3228889701326807, 0.7166189394578169, -0.891107618697788, 0.6025128652768217, 0.3347660528562528, 0.25109633248939645, 0.5988844680550756, 1.2181200640725365, -0.4533008063399393, -1.1910555250465222, 0.479942009656952, 0.3579239143422228, 0.5182282520363515, -1.1041962360068283, -1.0591860861386522, 0.16943341538717505, -0.24188193491499987, 0.011671825313783302, 0.005451001123617516, 0.004053495643802307, 0.021852019041489257, -0.007275714586228332, 0.5323024351600907, 0.016809460300464707, -0.02036953698666366, -0.9528079709275517, 0.3554850571977113, 0.1535756211522994, -0.06272899812256583, -0.1753169842177158, -0.386349004921442, 0.6742686218181007, 1.8203877762225602, -0.09091876887418948, -0.4417091242241895, 0.40265461831677385, 0.16906452628882107, -0.2892141249028555, 0.18036025583387527, 0.91880186587764, -0.8647988166148934, -0.43399383390760704, 0.7710743277930305, -0.130321051199644, 1.0770406656461091, -1.042497206329699, 1.374475671617347, 0.5585560234895866, 0.010176293771223754, -0.7498990195290389, -0.3056556439025826, 0.5250727553193428, 0.5662171736648816, 0.04411227088507985, 0.004092948194966084, -0.03384929653839208, 0.016566316209903675, 0.001939861869715287, 0.5194201169995267, 0.214601571408366, 0.07610804292221474, -0.2823373007868213, 0.004741539485848989, -0.09470031353703234, 0.06675212721665957, 1.2985511568203947, 0.7427869043342525, 0.6732332263813987, -1.5019244731242907, 0.4983030609780599, 0.5837062673579112, 0.08163423932592195, 0.385912532439761, -0.5802124009369436, -0.8362414886626084, -1.4504595369721756, -1.0926538916223762, 0.10590669833072752, 0.06575674672194509, 0.6834176005831978, 0.6320913577628744, -0.5796624158251689, -0.12331773641562904, 0.1896553887754635, 1.3195046543805802, 0.21781371028919239, 0.1449430849604596, -0.6600497817271389, -0.9384095900754801, 0.01939446961790736, -1.5191939638725671e-05, 0.012069964335751138, 0.03625041982860466, -0.0004219803959486512, 0.4628848186412142, 0.28283222944469344, 0.10309451813009218, -0.4253648962067018, 0.18296718570491066, -0.008905449072869942, 0.06640581831061354, -0.18073553511840146, 0.2340603760094382, 0.057293550973554375, -0.9237580015142157, -0.8254142864570895, -0.46266566391182096, -0.26952084037748136, -0.1539991600606072, -1.1007282955870323, 0.005810055753954657, -0.5511917661426651, 0.9599190693360242, -0.3321503108611523, -0.6130465829228342, -0.6442568878856036, -0.5682694376976087, -0.05967981328853966, 0.8765788017890372, -0.40877746186924924, 0.3973987038443738, -0.6875044440257625, 1.1197059358792103, 0.1471255648514216, 0.7142861642405478, 0.04589959384779263, -0.011638476000371156, -0.007033471749309683, 0.0006577593679821803, -0.002917020876282095, 0.5380383451638409, -0.06615663996808507, 0.03234706460148118, -0.0005570211533267866, 0.10967265679755656, 0.10591982899211416, 0.14952192398004627, -1.0998176050998154, -0.1713011387628285, -0.3926092111169055, -1.2607222311926307, -1.1368093461355784, -0.19279171295460173, 0.5125715901867807, 0.0543649232822645, 1.178936821971547, -1.3449807395047628, 0.7512495068372118, -0.21884011718680085, 0.0027839098981985444, 0.3042186022241822, 0.3734926719184841, -0.25582409795470085, 0.1910954524612407, 0.13206248466212855, -0.5410411712585983, -0.5664110299715048, -0.6194429476272489, 0.32458715640177616, 0.08519353515475814, -0.09921655415928399, 0.014319732185569478, -0.0018048608458229864, 0.050526321019788156, 0.026604118074281757, 0.007376970219354462, 0.46819910915792207, 0.35288869245187016, -0.07681413796490233, -0.36986487152216796, 0.1681438466050622, 0.040965088933035076, -0.02814513639668803, -1.4471613222704036, -0.10283747874177607, -0.8399359620243558, -0.250211533347624, -0.054848564662080435, -1.5709424424649114, 1.1442013536925515, 1.5577331368886007, 0.10012147814995842, 1.0491765985034363, 0.1410435140901427, 1.4906572248050907, -0.4311988707522687, -0.42582649808719, 0.9263384084597419, -0.9694182587834348, -0.9053351274865236, 1.9307250443739576, -1.084323821871294, 0.9512864200569311, -0.5958385804333375, 0.5272792187445248, -1.116430244114099, -1.2584950345544712, 0.019617270272831888, 0.0017877270162607317, 0.027889528966170474, 0.00016720642315704026, 0.0033974900062503366, 0.5389548767716406, 0.017054653372269968, 0.011724944697789397, -0.17149961451559648, -0.043788478315491375, 0.0267748783789159, 0.37102320871645134, 1.05558883429876, -0.2692134167061795, -1.07865937311999, 0.8331097032546495, -0.09470588531087287, -0.012257336979700995, 1.578359477187405, -0.5954300946798412, 0.7427308633050416, -0.7134000444211779, 1.0197444503969564, -1.3869253908806058, -2.4663263548927716, -0.539861084418817, -0.8792003385751741, 0.0632511239411997, 3.4076798516298368, 0.15223501423815833, -1.4587972043973423, 0.44573380812789765, -0.39277457177377073, 0.9732662034621171, -0.9683113756332205, 0.5648965107238837, 0.006259178410346067, 0.006393947132607991, -0.0015211308682410163, 