{"1": {
 "calculator": "sgp_calculator",
 "calculator_parameters": {},
 "cell": {"array": {"__ndarray__": [[3, 3], "float64", [11.372, 0.0, 0.0, 0.0, 12.061827473480129, 0.0, 0.0, 0.0, 30.051522894566773]]}, "__ase_objtype__": "cell"},
 "ctime": 24.744088714817458,
 "energy": -0.47635632526362315,
 "forces": {"__ndarray__": [[146, 3], "float64", [0.004758927571529625, -0.012159209364938306, 0.031304765850563854, 0.02518870111684457, 0.004520093536129366, 0.4947480551375065, 0.3471081891076153, 0.02994333923967929, -0.7639691918362814, 0.1594486066780405, 0.06852796984003362, -0.015839232403322967, 0.12963362892113395, -0.7699165855634647, -0.14813811628812346, 0.7832166266184686, 0.26570482303294085, 0.1684091864108268, -0.8341149930517986, -1.383312270449892, 0.04953508650783078, -0.3832120867184585, -0.40395505012270405, 0.1775100510578227, -0.9111418988330797, 0.5696179665487762, -1.7740778479924302, 0.2397048703147675, 0.3687762723185415, 0.3971241335785862, -1.3423247484852254, -0.0986489607034855, -1.5779006467955696, 0.48272280562378, 0.7680053161489013, 0.8899029501203017, -0.002738358127800211, -0.007333663343871422, 0.001779112875510691, -0.003214241435046006, 0.0032016370057093013, 0.5131525646343107, 0.19329903678402616, 0.018422572361032508, -0.17364016222381906, 0.1772650356484995, 0.08254896576741544, -0.036892570666282154, -0.24538495146026662, -0.22788577653574293, 0.1974402524101606, 0.31178659788429286, 0.3220364893478518, -0.2785904399405581, -0.5519727315910643, 0.8986831840704781, -2.0406049533849, -1.308741264534092, -0.5590282273824982, -0.8691561974559363, -0.01671256001139909, -0.43865398315557513, 0.0008158741461556929, -0.10435860023721943, 0.3039345133920506, 0.9751453624770647, -0.6862981408379483, 1.9243450461780185, 0.24791546585493052, -0.8243995359133578, -1.2037023431703346, 0.21663152652081408, 0.038593759753837276, 0.002059971367195601, -0.1140873299013947, -0.01636414244822504, -0.002688576327383174, 0.47149730127875955, 0.1705457239667112, 0.46802995662744706, -0.4337302999124404, 0.21553728560513719, -0.04906500958156812, -0.3908011032497143, 1.3046847597510123, -0.948253768993709, 1.6934274070645188, -0.6489056453571038, 0.27560650665364506, 0.6017031635046806, -1.4478027655131882, 0.004722046262486401, -1.258206016800159, -0.5839594385715827, -0.5032465398646764, -0.3278210273115292, 0.43310795109437095, 0.08286529473652138, 1.149305492427402, 0.6502218550015186, 0.3760934094420918, -0.09699266081270252, 0.09190145210686751, -1.2857609158776313, 0.010776547167552053, -0.830515814195337, 0.590541965968896, -0.21918492198392414, 0.013975093704093666, -0.0073530681839599765, 0.009546743090595555, 0.0011479061220995845, 0.005339960222210394, 0.4989360231561477, 0.10257941261454562, 0.12141697287040643, -0.39013314234989593, 0.2215553865663935, 0.021723362984005234, -0.053763362921131375, -0.21063418342012596, -1.0071083539113488, -0.32496727662072544, -0.4585844177979652, 0.537374462912453, 0.3923826760852194, 0.015286676203686511, 0.058552715132350386, -0.9324930735905355, 1.081244345919572, 0.4702139708026607, -0.30773186834289845, -1.82847167001637, -0.13173780900712018, 1.0434931175742825, 0.8584710785127072, 0.8903134083830082, -0.528615082567967, -0.7710149533022559, -1.2156326643748798, 0.32792656525339225, 0.025814715285378043, 0.4838465430480028, 0.5733573674901891, 0.015397393875502985, -0.0009562819608248674, -0.021055158854892397, 0.024789627913904155, -0.0004419376236013406, 0.5288367028106222, -0.03197696285056395, -0.03054552179091985, -0.17133713780162907, -0.008374235804524233, 0.04793655099349792, -0.1251594471250428, -0.1591260811423325, -0.5777459683654342, -0.6004702314439214, 0.09670398431319427, 0.7862377034805661, -0.6093996558228127, -0.16820904185518515, 1.2038558410017686, 0.026403390629980095, 1.2291040248199465, -0.6689911747319002, -0.0582483230652997, 0.37369828444741415, -0.5042964508760406, 1.1994304659848467, 0.928506537435851, -1.7498803284313453, 0.4815301550552249, -1.019229687580264, -1.295173549013498, 0.40695563772624155, 1.6005744720278017, 0.02076070792486462, 1.0572786392895068, 0.05513486100964826, 0.0034570318045723525, -0.03609904284451204, 0.04528440495287356, -0.012874375092479795, 0.4886427810341729, 0.012170179811818116, 0.11892387734951626, -0.8338107940617192, 0.12342887315153916, -0.1336398132350638, -0.007321035257291442, 0.2836932432746835, 0.3864197966536267, -0.09584554635624443, 0.7005422611611039, 0.592528770862458, 0.8774012009605485, -0.4541445447372183, -0.5884072365895463, 0.8148622790331501, 0.21848815545718026, 0.6939893670204356, -0.6078037084191692, 0.2910111519743168, 1.4563670163659026, -0.06212485000310153, 0.13005774261665692, -0.000392278581557548, -0.32949413045577103, -0.30911535468942475, -1.3380767906242, -0.6222917111949755, 0.059449861211760435, 1.3779050130283395, -0.8185929416731597, 0.02300692356423184, 0.0051487843302808756, -6.273038957260724e-05, 0.013148285176868058, 0.011694984926137408, 0.4905227111946715, 0.059895014501051946, 0.03103951089047996, -0.7092880900211185, 0.2384019315438053, -0.005344355243153132, -0.0944429529174613, -1.2552363641028705, -0.33062182053902234, -1.1333718399395138, 0.36391497199622336, 0.025381838488669928, 1.0609764292696582, -0.5944719742018947, 0.8162541621253467, 1.0399803179927858, 1.0248258085567272, -0.8500398322717047, 0.7493965689529887, -0.5584491011973114, -0.17025829601550413, 0.032729818990674175, -0.5473207428108253, 0.20822092476919352, 0.2535259855882259, -0.287280733843545, -0.07879432880130821, -0.6033783475327255, -0.42248799851086005, 0.08825120286013544, 1.0182276737823486, 0.038885590668172654, -0.0016500479950991576, 0.05233647975455824, 0.024605077213742277, 0.004117052749677441, 0.5647768030562474, 0.2581349240150246, 0.17619411066044677, -0.11693497563555866, 0.28935404301984136, 0.2189890588860237, 0.0387223941834236, 0.5926490404633569, -0.8081463176341686, -0.40808328797015747, 0.14345811651548956, 0.3285316452486029, -1.1949205030527992, -0.7826086513118753, 0.046918980473236616, 1.1360506898329277, 0.8554482873050802, -0.44261625602655386, 1.568278826878668, -0.5171235867292125, -0.3837153409992311, -0.69222357191029, -0.09694983911992949, 0.0975651153192274, 0.7703106994704285, 0.46478916445136065, -0.42628818635876087, -0.7487223875825748, -1.8430909374756084, -0.1700601230466532, 0.28985470903262467, 0.014252949612512111, -0.0009737484690077736, 0.03534816058515844, 0.022118442922218762, -0.0007729275795611557, 0.527499328628096, 0.24127931859496243, 0.05774047436085539, -0.4241858391844744, 0.09214270665427193, 0.024270863979950263, 0.16378340344977005, 0.3247295974146027, -0.8964590717290548, -0.9327724497968575, 0.13585992387228885, -0.5070399624601123, -0.7144377487577458, -0.657106796872128, 1.3949630928186707, 0.7151828528403712, -0.30164505334914793, -0.5836717051358846, -0.27695682993714854, 0.72979006964772, -0.8381710673373846, 2.2062538041402036, 0.29500991099462226, 0.8032848112161446, -0.5039166218647324, 0.19933140090142842, -0.7554454756535307, -0.6815100194119168, -1.52087779857834, -0.842228795835581, 0.12266650846686389, 0.030933648343207665, 0.00458228980462394, 0.000453298197157892, 0.020253692570157966, 0.00786691266243622, 0.47480696041270676, 0.3675141269081337, 0.04965371296756871, -0.598525024835908, 0.1426631525005746, -0.10643430173197999, 0.11479389478449775, 0.0018752924318903297, 0.4758521437910872, -1.3579232956857368, -0.7981936123044306, 0.6605156598913027, 1.0517930874489139, -0.21341826924404472, -0.1457576499752804, -0.23501726415156554, 1.155328469292499, -0.06790772442366233, 1.18086712888433, 0.8689888353922015, -0.11390821228656023, -0.9958084973800396, 1.6264406516804684, 0.13980781598525027, 0.06106482938020008, -1.2751641091402917, -0.09183900993491534, 0.2630606278180494, 0.26090637191418864, -0.9747231851309834, -0.592315620931231, 0.019469002054989915, -0.02230072775063796, 0.008774721082431824, 0.010623276207255117, 