{"1": {
 "calculator": "sgp_calculator",
 "calculator_parameters": {},
 "cell": {"array": {"__ndarray__": [[3, 3], "float64", [11.372, 0.0, 0.0, 0.0, 12.061827473480129, 0.0, 0.0, 0.0, 30.051522894566773]]}, "__ase_objtype__": "cell"},
 "ctime": 24.74407275066389,
 "energy": 0.30172990169376135,
 "forces": {"__ndarray__": [[146, 3], "float64", [-0.014502117134554737, -0.0038420043002815873, 0.07728749225952924, -0.007070365013646551, 0.010339795968832277, 0.5413642589292067, -0.031839719684057854, -0.15137521916119567, -0.04782711920233851, -0.08657816689810716, 0.13015836981537632, 0.20517823606769525, -0.6037827755894796, -0.06559342713075011, -1.53102688877334, -0.41209138853628247, -1.0581507899596545, -0.959214669596804, -0.9430232991280718, -0.2621244718429807, 0.16739413704772232, 0.6580187778790787, -0.2769452485654256, 0.4167829159005123, 2.101579942365788, -0.42490543862777486, -0.8087686524959281, 0.7423475767955097, 1.001691340443358, -0.3197575132030579, -0.161924126031181, 1.0760854619124984, -0.07274866660281987, 1.9319863533055468, -0.31248501090294667, 1.0417217711074045, -0.023697420308792516, -0.003931135617563086, 0.03238249289233863, 0.005494016676891533, -0.005694970205468053, 0.4637256829098533, -0.3816433665379009, -0.33871935801926156, -0.7912004976851676, 0.06352294126389602, -0.22341532778614237, -0.3379627690765119, -1.2332869910114823, 0.6391502407204825, -0.1765528201235611, 0.2692701896557992, 0.4977185924535661, 0.8335179494540625, -0.0025727929346430756, 1.0817772765321934, 1.0061027139472571, 0.8518921030613456, 0.16169882687665904, -0.5673506056014048, -0.6915095430249494, -0.49546307896230246, -0.5781700483112218, -1.5984331333306727, 1.1780079912730343, 1.4371025652990284, -0.4207623738102484, 0.2274020495300988, -0.6464094898874464, 0.9814993323834642, -1.0347636322789526, 0.861139548455867, -0.01882300931328018, -0.004411972278404619, -0.09704196118582331, 0.004016683560934098, -0.004454396075175282, 0.5043083142150522, -0.1579419798811159, 0.11097689533335142, -0.29944367821462947, -0.0889691922728133, -0.03852786806513109, -0.7130781687360468, -0.7924542856144399, 1.2678202089255137, 0.495974316881302, -0.006466678511714008, 0.20808646169598433, 0.588552225831819, -0.15321384777871572, 0.031942745427841146, 0.6934063629323646, 1.8908582251674488, -1.466853573706885, 0.22616692414385398, -1.134294502085595, -1.7840630781475397, -0.9384519954219286, 0.8745685734375002, 1.7436645142379348, 0.18732946026079844, 0.09418436268242658, -0.9390687241652813, -0.5951400414014643, 0.10364291657606373, 0.2582590697361411, -0.18893041967567115, -0.022427414795117784, -0.0020908979959202156, 0.030821950731024117, 0.0004924136057127271, -0.008086282251213106, 0.5165572863866146, 0.03752510231231554, -0.0014879955115247867, -0.25065229690017077, -0.04837740795326795, -0.005553595715248605, 0.06303047632536618, 0.6445950016168354, -1.149050935793639, -0.3330814008069751, -0.30581285885193665, -0.2749516541136927, 0.8591594463475758, -0.1037244304975502, -1.2886783319690949, 0.7221036746975642, -0.9502068212213999, 0.5953754898939678, 0.4011127018848697, 0.23423908152835793, 0.6175964178369213, 1.0754417215005105, -0.43266017752193875, -1.1430192959983287, 0.46350545729364967, 0.33392234182247194, 0.6024848915803886, -1.0573291438995511, -1.0051997654336446, 0.20094682167837163, -0.39286623805855925, 0.013423791700347465, 0.0012218667884056345, 0.005683521745595499, 0.031159107724533897, -0.005044251678498313, 0.5257477943937374, 0.020713261983473785, -0.019998795819105908, -0.9457108812148363, 0.36431336638821676, 0.15123287195496005, -0.07284944135653859, -0.1791609986964886, -0.38509299569793143, 0.6771996450565894, 1.8036640613345298, -0.10140074030096002, -0.43324959112135275, 0.4057623148582934, 0.14349836011206207, -0.3105359239966674, 0.17844991576092184, 0.9105862161532059, -0.8577870700983112, -0.41995000805763993, 0.893392337298792, -0.17650389423397428, 1.0874282101485733, -1.0407324499533388, 1.3969662327567676, 0.5873077751549545, 0.03232942917327364, -0.8106118533387416, -0.31687747343585215, 0.6264544112859767, 0.5423719280915975, 0.052034371043866656, 0.0014067255090139952, -0.03399386614091782, 0.021110604460290006, 0.00427651222798886, 0.5172668533207343, 0.21952755827396686, 0.07634372741176776, -0.2825861269016059, 0.0163414576525156, -0.09097578906320791, 0.06250676924446452, 1.3006771334767109, 0.760803296155018, 0.6721367590739646, -1.4929250932505056, 0.49268655612218026, 0.5938718658755988, 0.10015920766272757, 0.3774142649260739, -0.6201144950464368, -0.837387717405818, -1.4440760169304667, -1.08153856172612, 0.12429117300234793, 0.09358065316470743, 0.780540151760988, 0.5357102985103666, -0.642329767790784, -0.16879044806137244, 0.04041817900179012, 1.171203593723476, 0.2528722136194119, 0.1969293800948435, -0.5641465310636704, -1.0330730399127788, 0.013144706154150754, -0.0016013700002730502, 0.013812545736072934, 0.03561420032115947, -0.00252730807270396, 0.4702653145632212, 0.28322273765206774, 0.11038964948738794, -0.4231587199387832, 0.18784153326851083, -0.014838436792160792, 0.06654321064706892, -0.17626067486662578, 0.2313710232167523, 0.040792182422592305, -0.9179209160895425, -0.8239005014424947, -0.45845053495395405, -0.25404056371280603, -0.1551603966274797, -1.091010573802123, 0.013059685567213819, -0.5398119662432919, 0.980835053529745, -0.3482219734839873, -0.5761375837691958, -0.5803015873752884, -0.5777894519576421, -0.08285441539192107, 0.8754579733333685, -0.43631394986005034, 0.31946140180616567, -0.7011866289576574, 1.127375640348646, 0.201913638182333, 0.7869036630163464, 0.0443273988808528, 0.0012782554746877395, -0.001613556250504189, -0.004951783821411482, -0.006798727036539276, 0.537512937358315, -0.07632199026829767, 0.028310310184906484, 0.0030347208048624452, 0.11684627292322602, 0.10345721705289179, 0.13999647974651452, -1.0986457311746562, -0.16962865465757204, -0.3890630202295142, -1.244116029450197, -1.1371719447142823, -0.19636007162142732, 0.5091946635970999, 0.0667237017428306, 1.171923279677685, -1.3536628395038406, 0.7495334030024878, -0.2180267350468057, -0.012593650141752732, 0.2625067390770255, 0.44216094130342753, -0.2752162636893445, 0.23644261557546997, 0.14221054805125277, -0.47525940990146864, -0.5219557670236554, -0.6733687551486582, 0.27473721110209226, 0.05632154026534408, -0.10970745697068196, 0.006713014069859469, -0.006695837741830246, 0.05573461223730192, 0.026058534648595977, 0.005896510810089239, 0.4736234680704001, 0.3545062035882438, -0.0773610941159859, -0.36579721974976565, 0.16698197327809794, 0.04984769878370798, -0.03127713328922255, -1.4407067174524855, -0.09436933115080137, -0.8530162314032168, -0.25208853273319676, -0.04130228221545451, -1.5540569754184617, 1.1439960642737788, 1.5255999197433994, 0.06825812893021066, 1.0508313485179315, 0.1413277529854895, 1.5321712635995937, -0.4088374405309878, -0.4298867359311771, 0.931484882939003, -0.9825277733386883, -0.9519223471543228, 1.8933951651843017, -1.1697629800037248, 0.9885651714375854, -0.6256169057378429, 0.5159721283172871, -1.171527749782399, -1.272278505792201, 0.02850110368615333, -0.003691185728744273, 0.029942382803710643, 0.00010669617978464885, 0.0014678703270760707, 0.5409858719604017, 0.019556357677402048, 0.022166280957719664, -0.1696348870791553, -0.05232778460924692, 0.027527064568388937, 0.365058192073775, 1.0574948425373805, -0.2603300428518196, -1.07101295855864, 0.8204274459653789, -0.09776854609378915, -0.002567015075015888, 1.5860444873596862, -0.588221637999709, 0.7232087719794436, -0.7324007822421663, 1.0063756084405213, -1.41522342296048, -2.449714402122936, -0.4951352203768238, -0.9441499740296422, 0.07194797070158643, 3.386246163215219, 0.18453209949075244, -1.4187760832446656, 0.4355885968336679, -0.3993726910839541, 0.959275904822448, -0.9617200613324712, 0.5724065771964888, 0.005230326640855765, 0.01094775012717264, 0.0031249421645043185, 