{"1": {
 "calculator": "sgp_calculator",
 "calculator_parameters": {},
 "cell": {"array": {"__ndarray__": [[3, 3], "float64", [11.372, 0.0, 0.0, 0.0, 12.061827473480129, 0.0, 0.0, 0.0, 30.051522894566773]]}, "__ase_objtype__": "cell"},
 "ctime": 24.74409369652431,
 "energy": 0.38760665338486433,
 "forces": {"__ndarray__": [[146, 3], "float64", [-0.02170889032316836, -0.009565870378139607, 0.08063877670338115, -0.004750040714803561, 0.006282952480489712, 0.5485443105189916, -0.03157457533075103, -0.15241030842980763, -0.04180611865285755, -0.07884898413919927, 0.14062369845555622, 0.20562591112457085, -0.6248095733280934, -0.06274845851135069, -1.5365970448010557, -0.4133617132638392, -1.0557693783915738, -0.9644317317438436, -0.9368811562785595, -0.27478076188981504, 0.17855922118405942, 0.6325474862524061, -0.28695260027780023, 0.40362008032155927, 2.088953857157321, -0.42413625336894256, -0.791106942893748, 0.7073886588850655, 1.0432616737020908, -0.3276898377243924, -0.12348534410250522, 1.0841152924738253, -0.15584801797012915, 1.8925888370049506, -0.22610469684696, 1.0605650980305654, -0.030634594044499863, -0.0016837139266385748, 0.03859181878988238, 0.008472855098546006, -0.002035996714297994, 0.4719444242073223, -0.38089662458696694, -0.33370726311204635, -0.7950274162380992, 0.07610687795772719, -0.21773999113509035, -0.33757017305106274, -1.2247350757206732, 0.6425461493881812, -0.16453156082843634, 0.27255345549860976, 0.4834540338563329, 0.8342889711093449, 0.00478535333650143, 1.095214810904963, 0.9841197143168756, 0.8576386759852994, 0.15667853048034885, -0.5820637507845277, -0.6774157212871614, -0.48408802809080953, -0.6047307335857113, -1.5853107474115404, 1.1619159030528863, 1.4177206830013347, -0.36972401719776826, 0.2539057417634467, -0.6715207129018381, 0.8636522121723829, -1.009168121276332, 0.9010961478270474, -0.027401556337196098, -0.005441183947752393, -0.1003744598274352, 0.007098531008779219, -0.0021059188745766733, 0.49719103734736336, -0.15668676396967385, 0.11328175302969612, -0.3057170854463038, -0.09231002546340505, -0.0373345135725458, -0.7253128221459519, -0.7930865458806693, 1.2508979168669612, 0.5133292698823197, 0.007266305859161548, 0.20819521161229204, 0.5984190666667928, -0.1573297423690292, 0.035024370269638894, 0.7104634321476624, 1.8803683440969508, -1.4749758131019917, 0.21348041786063732, -1.1265016191728137, -1.7832620959511587, -0.9551857304541045, 0.8569469299563934, 1.7375477147954825, 0.2108240129200567, 0.03068089897988102, -1.0140134424382268, -0.6586358806889621, 0.0727999961900423, 0.15057123557812702, -0.20500009678107745, -0.018051094918718036, -0.0038050210807085705, 0.02838996100854274, -0.008594478525367322, -0.003993193076098578, 0.527761104559886, 0.03372068349210622, -0.0027286480835755356, -0.24659824152445253, -0.04438221369775874, -0.0018765347848272995, 0.05928105752286683, 0.6381987189224674, -1.1402842676579894, -0.29920027998923615, -0.3111018771169256, -0.2684050605093944, 0.8496078606456194, -0.11458161392511101, -1.3299289600154225, 0.6837602885128149, -0.9273868569965771, 0.555488828107741, 0.37673742385982223, 0.2668363241582483, 0.643907054464762, 1.0997840190186707, -0.4868649500567699, -1.1878832672905446, 0.5563369996225447, 0.23717343380735656, 0.5349386709312967, -0.9785411458215094, -1.013870747625333, -0.004070414979878478, -0.19715789608630985, 0.01736082470853262, 0.003516181080442493, 0.009091944342799252, 0.018970191106291168, -0.006737476312707713, 0.5333878707708664, 0.021616474087750248, -0.0244560025217595, -0.9565097580757538, 0.3519512751804541, 0.15299593204179018, -0.06950663935867851, -0.17552493763332677, -0.3855558107929653, 0.6745955909295844, 1.8169460755107139, -0.09479725422181673, -0.42611107381833335, 0.3955342787567133, 0.1930497284329249, -0.2676440194118186, 0.20160216318390667, 0.9216364838297295, -0.8756777085332033, -0.45322075223373304, 0.8296035279327043, -0.11049222450674279, 1.0627811835479406, -0.9667899694782136, 1.3960537095708787, 0.5230449814714859, -0.02225469750794673, -0.784116223350793, -0.22374115230877578, 0.5811617631843546, 0.5295841596662285, 0.04983341592225088, 0.0029621992906925243, -0.02828420734658721, 0.024719863532943975, 0.0015497742602690323, 0.5245519924981181, 0.20938782729535887, 0.07898999101257687, -0.2842578121535553, 0.012059030461898601, -0.09963918000772765, 0.06578989519493916, 1.2833719331138127, 0.7378144444430745, 0.677180938445531, -1.503406097348261, 0.49062146888729785, 0.6101316890108137, 0.05508431189264229, 0.36466510727314017, -0.6578351212610869, -0.8419306157825304, -1.4219740466201074, -1.020337590314739, 0.11983564842148553, 0.05978951478846284, 0.773078998248252, 0.5430539634039633, -0.5453281245236212, -0.2399687385859579, 0.27182500933486153, 1.3032928596494457, 0.31379797002955456, 0.2039333913835435, -0.6970346729754056, -0.8987170629002321, 0.018894316426411706, 0.0021642140368953733, 0.004125124114125356, 0.0333550319375604, 0.0037337551702734117, 0.4667513739761944, 0.28402098182129976, 0.1020289462007895, -0.4184344477321247, 0.17794690685275327, -0.01502653183450775, 0.06469308220437142, -0.170436503000019, 0.235211561550841, 0.049407290196541, -0.9176722843500329, -0.8147359065030741, -0.4716817915195861, -0.25818240288526795, -0.18483491034089639, -1.0800994641558646, -0.021192103783505445, -0.5520851116789345, 0.9590941474184547, -0.31687868273775166, -0.5962542079214472, -0.6138053246468189, -0.5619555359148762, -0.07044983295941165, 0.8550918298035413, -0.3818923386975257, 0.29647877943170897, -0.6584060444474744, 1.0679497800347235, 0.14071955325675845, 0.6774566958483774, 0.0484905449484927, -0.008213541962618365, -0.006930256518899114, -0.0020866917427611043, -0.005363645187799193, 0.5425904700202864, -0.06431790701594764, 0.03160969097552879, 0.00034049118312395876, 0.10910963630931292, 0.10552244021349111, 0.1434865762194022, -1.099076639931809, -0.16933743979097926, -0.39265268731287506, -1.2622240925156802, -1.1372638343354993, -0.18594016764177468, 0.49481065449344896, 0.06329591734584028, 1.1974129618247389, -1.3704300929853162, 0.7517531033456635, -0.23515377796684334, 0.010628015243582922, 0.3171992421116556, 0.42382453478194293, -0.24485277498661162, 0.21622010748058074, 0.09835410670621059, -0.47779883989596783, -0.5537670414005333, -0.6738713403274232, 0.33592756115740485, 0.07401579943507386, -0.10713286243662878, 0.013892660287126546, -0.001005883560253551, 0.04861242110155217, 0.02342021382989401, 0.004580670722276636, 0.4763368214330512, 0.3575660959236302, -0.07817625047596266, -0.36744537024128476, 0.16162334759474106, 0.049736179552382964, -0.03239808332386929, -1.445608523887131, -0.10248605902052077, -0.8468885157228669, -0.24815304494154589, -0.04841883360313659, -1.5712414587474086, 1.1558761447722645, 1.5693974765326857, 0.10072714260013527, 1.0543338462084648, 0.1309016488917223, 1.5153992130980214, -0.4098669377317492, -0.4249715486439527, 0.9797368638055559, -0.9566478725867, -0.8733072018376333, 1.9247534919004465, -1.0819301338124205, 0.9410321026080055, -0.6941925625396834, 0.5683794620254048, -1.1235976114735422, -1.1796434465788934, 0.023253027896494416, -0.0004361389067568666, 0.029256120766604, 0.008390126269205211, 0.00019335525365704598, 0.5357951366263478, 0.016193477494198305, 0.011083189107466751, -0.17493593894687365, -0.040613568543733436, 0.03021024908207437, 0.3604378101667862, 1.066425663035261, -0.26740229482743416, -1.0710232590945452, 0.8340184919265994, -0.09100853244467544, -0.006814201633005723, 1.5730234969369121, -0.6033773419393356, 0.7163615274193944, -0.7072998984829155, 1.0120484296244285, -1.421710185692973, -2.506502078343601, -0.5617551761924915, -0.9025396546694537, 0.10474750513583331, 3.4243523978819894, 0.13298314224505248, -1.4696557992410817, 0.4591453133361938, -0.4013744507346928, 0.9989089466968153, -0.9603842555243318, 0.6500113380352559, 0.0074514080251333326, 0.007132542449824086, 0.00892645521525992, 