{"1": {
 "calculator": "sgp_calculator",
 "calculator_parameters": {},
 "cell": {"array": {"__ndarray__": [[3, 3], "float64", [11.372, 0.0, 0.0, 0.0, 12.061827473480129, 0.0, 0.0, 0.0, 30.051522894566773]]}, "__ase_objtype__": "cell"},
 "ctime": 24.744078657163914,
 "energy": -0.9242882425896823,
 "forces": {"__ndarray__": [[146, 3], "float64", [0.02704241758760162, 0.0019657340706515924, -0.0421519571874569, -0.000607285084868181, 0.012212976048971314, 0.5268713410621331, -0.1657192463817978, 0.016784449040784466, -0.3456449386854672, -0.039886913049997474, -0.08384012906969929, -0.06236321420453805, 1.0372432980672102, -0.4786503943730622, 1.2447220319386076, -0.4126378465093694, 0.531997655328837, 0.17040029888659092, -0.6912562897745289, -0.45747613045500657, -0.0019262975343963262, 1.0902203039331653, 0.184397127870227, -0.39345515563115896, 0.5290301492656226, -0.4910416804462159, 0.7005583553575434, 0.13282257750279314, 1.4229353975026697, 0.6733998459516215, -1.0579162335855017, -1.012049591129653, 0.4493299404834943, -0.37926325353677726, -1.400694334630657, -0.21932819369430945, -0.05777236286865062, -0.01593631463202172, -0.026232193286546135, -0.007308134210958883, -0.01048911637224137, 0.5514432691622915, -0.24330778330561031, 0.057653877150812605, -0.2743436054045105, -0.31682335194807365, -0.2628925917573497, -0.39778341010480744, 0.8380331353803285, 0.29192388993260465, 0.1480829287593508, 0.18701221484025154, 1.4265157981621996, 1.224210658090442, -1.405171785547509, -0.5468084696499318, -0.23222462591274962, 0.8441957937959614, 0.2689604650484796, -0.4124216902077933, 0.7119637674212527, 1.1321484174471834, 0.4979373649221088, 0.07356250806753906, -0.46934809098888763, 0.23281828641847824, 0.05911150022086531, 0.39723119649124783, -0.19925523382516985, 0.41825026688695743, 0.35465383748032764, -0.4252123797657532, -0.00917402601487538, 0.006513129931228434, -0.005637288311618249, -0.009236739483881706, 0.009808674811949913, 0.47964197823762333, 0.11544879820164056, -0.2390522522287597, -0.32541891099094755, -0.170605191337998, -0.18733059465785118, 0.202552955311603, 0.21292421981536336, -0.2830934713157376, -1.866584540882286, -0.12229976867342884, 1.2850115201536028, -0.4734054054672754, -1.5508489501662552, 1.5555205808924484, 1.2067951194724174, 1.7081932304166259, -1.0267471687286616, 0.6459136371421437, -0.6744878616593724, -0.7229933012239371, -1.0216131370239054, 0.38038826852312013, 0.06667161170162217, 0.8895319916596236, 0.2675132678702994, 0.1711254637593811, -0.8168316172200321, 0.6253804783300438, 0.3271222134931122, -0.4424872177742145, -0.002173520682831054, -0.0036054433210850334, -0.027634248177150766, 0.005291013346578666, 0.016927756702129315, 0.540607100991565, 0.008327874570724703, -0.12274027499830709, -0.3877204777403733, -0.09131976310257528, -0.06533769830139136, -0.04317209677628853, -0.3208412619605383, -0.6911864785837452, -0.0801056734607073, 0.08286370748601257, 0.8843602459842259, 0.03383041446679158, 0.6173542041195219, 0.11337735261167836, -0.08442369422995455, -0.21959362000802685, 1.2752886246410071, -0.09440114633942187, 0.09305420546183996, -0.463531393420169, -0.08651163606850787, 0.48563015813290633, -1.404500128699965, 0.23071871917176168, 0.04581715567326228, -0.057150386976729806, 0.11450362936557212, -0.9516651504685569, 0.708741974000759, -1.1411343937985237, -0.007509795228585858, -0.005713539793333666, -0.005720493395187987, 0.017423930999399317, 0.0027441020525884596, 0.5545763605051661, 0.18382411847301228, 0.0844515976057778, -0.06873152344462596, 0.08069354078315882, 0.036009623432278204, -0.2012125612852742, 0.3855504339344975, -0.8429440150227947, 1.4064557617817854, -0.48909128489685827, 0.5585647021893578, -1.645866783978363, -1.6317369889034907, 0.22434793035495204, 0.39578367353010435, -0.48419605251328335, 1.0393930614354758, -0.1644513378088277, -1.3409740666827474, 0.06056731324520115, -0.5876551774889549, 1.7228484543074956, -0.0686469259135265, -0.08954877733515332, -1.468754583431064, 0.24901863715814443, 0.25144915750024666, 0.2759859447182862, 0.31255315946992823, 0.16843305593647528, -0.01708119632189664, -0.0012884805886983486, 0.07629176677482974, 0.01585564272073725, 0.006138866262418219, 0.5111575867287002, -0.249063114220462, 0.011676608006872868, -0.5388621328479246, 0.2443123643488434, -0.19358987172512343, -0.02796332775551491, -0.6025574742737945, -1.3520290509350161, 0.7476531266804614, 0.22766541134228646, 0.48992197513655356, 0.8105753642075797, 0.3039115471331115, -0.4293020870170494, 0.03917017613673579, 0.37531210490305966, -0.2636664845992982, -0.8073306437172505, -0.6616294675854988, -0.12894308602437832, -0.1399469167566849, 0.0791381587571891, 1.5761302558178159, 0.3942972308330468, 0.6582792347728628, 0.4738916128710571, -0.5170365186697836, 0.10322326656532255, 0.3699533886954214, -0.23544907343330124, -0.02001768202586618, 0.001120505029234664, -0.03833522935849487, -0.010691719236078256, 0.014891649432868803, 0.5027187765340386, 0.16901285074499128, -0.10562741228687855, 0.005303466468035367, -0.2970392151092369, -0.028599854536992098, -0.22068325195618854, 0.431385261935219, -0.3564127355036817, 0.018988334629895576, -1.3731793793399447, 1.0591407250742577, -0.9630373694396894, -0.6998574475254031, -1.6047982031911943, 0.1007779737546457, -0.08994669020546553, -0.5634466939616232, -0.015984192380535944, -0.19362454972042542, 1.0318126517377095, 0.49952228011113675, -0.5486407465298271, 0.787401200806471, 0.48588576097651526, 0.0015327139910823462, 1.2008399790290696, -0.4121189963757388, -0.8980057745657177, -0.5291273901863747, 0.7338114395324737, 0.038707931602377066, -0.020075196709825605, -0.015329603996974583, -0.02442841704239207, -0.007933460802476588, 0.5290047678689689, 0.0774041482617065, 0.07116168243720722, 0.12347843390222124, 0.06448779466916221, -0.03293511368053714, 0.04140277094279554, 0.6371063498164631, -0.41412250714898846, 0.7429475245778576, -2.2796146272731903, -0.06149116008123201, 0.06135929102765658, 0.10452550378943215, 0.5545378724390275, -0.5199252436316328, -0.4228806216923999, 1.1518574424164854, -0.9727962862357344, 0.10250897509473589, -0.6869340658583951, 0.0004426651812536875, -1.5905058688081226, -0.9427497107058116, 0.6466856845808024, 0.45521550946625666, 0.907477025394428, -0.17468512593450214, -0.9172055521762559, -0.677365696722461, -1.0082040502495602, 0.024445301967300992, -0.006907720689063979, -0.029418785618304355, -0.010252255548792277, 0.006563004665501637, 0.5248566357442996, 0.12192916824756139, -0.07600659866264436, -0.35173938978516617, -0.07602943722963573, 0.00408739171132666, 0.17466887611021775, -0.5481951181880618, -0.70505157935645, -0.6096791721847694, 0.23403119398619765, 0.30274842108622124, -1.2195085244613892, -0.6936039377375209, 0.1436945135753973, 1.294625643003883, -0.446411808473016, -0.4142447723842224, 0.2087239290224261, 0.25914899042930983, 0.1862126884904569, 0.5516393651422504, 0.5209746921050282, -0.32030081409766353, -0.3736310400772709, 0.3956790031314341, -1.107562148058662, -0.8014012807770996, -0.892010441169873, 0.47374692391367823, -0.5719599891772305, -0.053411006791804994, -0.009866046818821417, -0.0730401936010594, -0.010449490382214321, -0.005807967789735358, 0.507412513163672, -0.4161880960126041, 0.08042268889414572, -0.6810451003189542, -0.26501560629893106, -0.014734007153606399, -0.8314293257578242, 0.0070969729160310635, -0.8071752190035681, 1.5605657242472262, 1.9713465558011194, 0.48372211445914104, 0.45166609109867295, -0.15742152408938637, -0.3660440960147753, -0.6811935552977957, -1.131801024364222, 0.9433985227342419, -1.2047377688869574, 0.9494162927668413, -1.1274536655034808, -1.3482595012410457, -0.12834794794900972, 0.04771315154550848, 0.36155844438894746, -0.25954762355451066, 0.4437778884936421, -0.41638475391800966, 1.5590091594526712, -0.8641548046170158, -0.05433498854563368, -0.0019631884250657095, -0.004416947388989456, 