{"1": {
 "calculator": "sgp_calculator",
 "calculator_parameters": {},
 "cell": {"array": {"__ndarray__": [[3, 3], "float64", [11.372, 0.0, 0.0, 0.0, 12.061827473480129, 0.0, 0.0, 0.0, 28.041218315653417]]}, "__ase_objtype__": "cell"},
 "ctime": 24.747228083907515,
 "energy": -0.26173734734766185,
 "forces": {"__ndarray__": [[124, 3], "float64", [0.023738796108553117, -0.004928784943672326, 0.051985908252618174, 0.0071323073676978765, -0.004721674153316258, 0.4729454406520972, 0.31381856811373154, -0.15514452420131875, -0.6247948444488429, 0.0687550346858643, 0.05080811049410272, 0.3020975692203365, 0.7609541254124963, -0.90822026127762, -0.3507817981842436, 0.23792257465220246, 0.20327919812382333, -0.49386779740530073, 0.16405689488738062, -0.35707714844988914, 1.1635086249079905, 0.4114680883590154, 1.2097443826633025, -0.8826440422535597, 0.07820941222681199, 0.2515247988689566, -0.18087838046994875, 0.10055919911155797, -0.5749534880943656, -0.5096975769226901, 0.0021686651984573757, 0.00047420392382946375, -0.05264613191548051, 0.006909513153971147, -0.009958501067430348, 0.48763955233869183, 0.04883976850024396, 0.1788156792351856, -0.3604061441262729, -0.006572435839999002, 0.0006156562884029881, -0.19459374966550058, 0.9127562442853048, 1.272342617225263, 1.3038596227875274, 0.2438118438451511, -0.2578905593080094, 0.2935006508139395, -0.3473851372183461, 0.32996070209023287, 0.05955965622933945, 0.2896122542581452, 0.8893152433961404, -0.8581329896053376, 0.5972015057357112, 0.8759538633330521, 1.1072571850495478, -0.7640002539828856, 0.05934147477250917, 0.3078532504114264, 0.006201223119745691, 0.009403590200861345, 0.03852123192950785, 0.026888070828363198, 0.00445550384252158, 0.46035681759349245, 0.3803294577651286, 0.07058807118164623, -0.9654041982728359, 0.14281989897648373, -0.0530529969090594, 0.06176045104928107, -1.177761342622773, -1.0072692702277664, -0.2381734718055668, -0.18990006353396893, 0.920822579572814, 0.28320087694282847, -0.4292681516960215, 0.7415897193614853, 0.5880430177437574, 0.6261994234814665, -1.0666297258208033, -0.8848348452420396, -0.019980777285582008, -0.24268562738456012, -0.3178499044788623, 0.8708676613605348, 0.36952335322644103, 0.04552560784668458, -0.009876226880777494, -0.003424837635066069, 0.029187859076728273, -0.013347662936041615, 0.021736392544379868, 0.5349572256649822, -0.28902716167490894, -0.19941148340171821, -0.29551384091826094, -0.19779011526429713, 0.05606745368734778, 0.2938019706078876, 0.01871942864426046, 1.081344862092493, -0.6120184440646881, 0.7854197546112118, -1.1251903141701405, 0.2998541179249514, -0.5634324491797997, -1.1443661212574057, -1.0251489163761107, -0.8139275420253398, -0.4876915576896863, -1.2027726838778108, -0.5658949858129745, -1.2418179417818465, 0.1466501356740082, 0.9311827059036659, 1.6761745410126423, -0.049929972418340185, -0.032724186354613494, 0.009149050938326297, -0.12427781356564083, 0.0015516686093839382, -0.017313754493514466, 0.5288447016638429, -0.16204824648026417, 0.2051578267649461, -0.20188784567199036, -0.4408771644452827, 0.0316694366369461, -0.6498180144472485, -0.8213653803905459, 0.349755471534138, 0.23808053988858546, 0.059138289750308104, 0.9191417426814041, -0.1753876745764913, 0.20206212484629305, -0.6068604735570489, -0.5666624108580436, 0.5351979609038153, 0.05221426767957382, 1.0093835848256276, 0.4415342941267113, 0.26679070191607934, 0.190435123291536, 0.16269557759875397, -0.7705874837726014, 0.05373546846021782, 0.04201897472390215, -0.00033465613637417846, 0.04172635689758408, -0.005801151696218199, 0.0008389788884244354, 0.5070883014643641, -0.056141618827041384, 0.02165050893785292, -0.6018905714586253, 0.012377745357525782, -0.05871388995676341, 0.4808263190466846, 0.17951688004518473, -1.1916477670624772, -0.5710293841653424, 0.4911277200649238, 0.004880941946112216, 0.11949309038664069, 1.566253852460477, 0.3589666369416591, 0.6292579245636034, -0.0651419345828117, 0.3387961026737685, -0.6734883975796038, -1.1099767116720614, 0.3526553949853195, -0.24464972657733597, -0.5881531496086154, -0.4740615177466907, -1.015497734739256, -0.027296823138598825, 0.015125323587227513, 0.05029260367132338, -0.013973669592303395, -0.003752430947912444, 0.5183754871774227, -0.06805669211611587, -0.17684678502632778, -0.07767082083614696, -0.11762024263870785, -0.03917316523097725, 0.12193459900470316, -0.49908137780585093, 0.26462549745087927, -1.0659764010968047, -0.6415611041347802, 1.3022677226317683, -0.339026604846822, -1.3982583622707807, -0.7077352748276553, 0.8905053662683713, 0.2620967101656788, 0.019077701115264745, 0.9571303427046587, 0.8385240481015899, -0.006193397265178646, 0.6899006680828279, -1.9334423887712546, 0.05915555563990438, 1.071028460537491, 0.004006470669608575, -0.004521382963432075, -0.05408168356962051, -0.028301672256176857, -0.01347551251171808, 0.4946456315954606, -0.10477650718405584, 0.23781953339533857, -0.18436609924265213, -0.031688423206446714, -0.04436371390625027, -0.10520715494340038, 1.3964780440564937, -0.22694013325326523, 1.1261867426825347, 0.01594181610960277, -0.3817926559594298, -0.30329562639201413, 0.9041656266679183, -0.39976890566339307, 0.778255060036372, 0.0990459116241027, 1.6358058257183075, 0.24299527329731063, -0.6929251266737992, -0.30771700256582335, -0.9459782473695668, -0.4271916375919318, 0.357291695890126, -0.049028768475182005, -0.03644008475805549, 0.0055125362620742635, 0.02745212891477422, -0.015164282518185246, 0.0019967442446215955, 0.5148656363908231, -0.18603212669165714, -0.04363952929702464, -0.22618127569830904, -0.29403427555809003, 0.04044897421954374, 0.07028704599883895, -1.3393158493992132, 0.24235023609753625, -1.6424966103288625, 0.3049097234238616, -0.27999446484773216, -0.6914789905799807, 0.5174163848220132, 0.45519739127513503, 1.7084318107058607, -0.0810222648490253, -0.09878640089698365, -0.1773834488240027, 0.8554717311026252, -0.009423156404636757, -0.18947519766516052, -2.331430304719106, -0.45601366313746183, 0.5582250471234147, -0.02657063972628748, -0.013593285733406901, 0.018163093707016742, 0.0005223995727305919, 0.015123481034493125, 0.49957557474334635, -0.002979550792133523, -0.1282089323966744, -0.5844979448029335, -0.0828780721219573, 0.14749696958483582, -0.041446393662454284, 1.0298303701556506, 0.06187914449185428, -0.6987633068556534, -0.9926580124171664, -1.3145579176971296, 0.8593693257744235, -0.17373471562359555, 0.006928577562376859, -1.4951212731402848, -1.0734158912646308, 0.5735166269860201, 0.15653025882784277, 1.3398697962420556, 0.5374943961225824, -0.010660101307621517, 0.6652988915427613, -0.38724416845911946, 1.0166465244765277e-05, -0.018097772160075465, 0.0012023044506825897, -0.08069728612599647, 0.0006146673201499198, -0.019441111832865232, 0.5060027220569054, -0.13232506863505478, 0.15303072303495924, -0.3489465966310945, -0.2271672040074293, 0.23265113498587198, -0.6150887546971262, 0.06365322708177246, 0.2608332966465241, 0.2870823371061988, -0.22326442992971351, -0.7564566601977276, 1.0705875445346464, 0.5978588295662348, -0.5040124037649605, -0.8711829963081072, -0.451544086981869, 0.9650745764861313, -1.4212443658489065, 0.9618727211934583, 0.8240735878448504, 0.03128677317090478, 0.26758901898347176, -0.7721643885090543, 0.22928552368102828, -0.01606973136773604, 0.024288135585692316, 0.05693617878750956, -0.023898910915647775, 0.008326985943085674, 0.5080300365526682, -0.1670401028123365, 0.10442513227917516, -0.37428451497430615, 0.020798670995077373, 0.11064530224371083, 0.010686626917163267, 1.0261987472093779, -0.1781761319859143, 0.2384459620444659, -1.189343745194492, 0.09766398294220835, 1.2845637045402327, 0.6460061148309251, -1.1540387328784618, -0.19540815059053784, 0.33257704953621214, -0.8373826054668712, -0.23189493981053033, 0.14105177711235228, -1.6729161081821076, 0.07630428011907497, -0.14337654613973427, 0.5575216055773353, 0.11416262592956627, -0.3499428542412488, 